start_lat,start_lng,rides_all,rides_january,rides_jan14_16,first_ride,last_ride,community,area,shape_area,perimeter,area_num_1,area_numbe,comarea_id,comarea,shape_len
41.83,-87.62,"1361","38","1",2023/02/02,2024/01/31,DOUGLAS,"0","46004621.1581","0","35","35","0","0","31027.0545098"
41.84,-87.62,"1972","42","0",2023/02/01,2024/01/31,DOUGLAS,"0","46004621.1581","0","35","35","0","0","31027.0545098"
41.84,-87.61,"1294","5","0",2023/02/01,2024/01/19,DOUGLAS,"0","46004621.1581","0","35","35","0","0","31027.0545098"
41.82,-87.6,"614","6","0",2023/02/10,2024/01/31,OAKLAND,"0","16913961.0408","0","36","36","0","0","19565.5061533"
41.83,-87.61,"1164","23","0",2023/02/01,2024/01/31,OAKLAND,"0","16913961.0408","0","36","36","0","0","19565.5061533"
41.8,-87.63,"26","0","0",2023/02/10,2023/12/13,FULLER PARK,"0","19916704.8692","0","37","37","0","0","25339.0897503"
41.81,-87.63,"189","3","0",2023/02/06,2024/01/31,FULLER PARK,"0","19916704.8692","0","37","37","0","0","25339.0897503"
41.82,-87.63,"56","3","0",2023/02/04,2024/01/31,FULLER PARK,"0","19916704.8692","0","37","37","0","0","25339.0897503"
41.81,-87.62,"463","10","0",2023/02/04,2024/01/29,GRAND BOULEVARD,"0","48492503.1554","0","38","38","0","0","28196.8371573"
41.81,-87.61,"365","12","0",2023/02/01,2024/01/31,GRAND BOULEVARD,"0","48492503.1554","0","38","38","0","0","28196.8371573"
41.82,-87.62,"406","6","0",2023/02/01,2024/01/29,GRAND BOULEVARD,"0","48492503.1554","0","38","38","0","0","28196.8371573"
41.82,-87.61,"211","3","0",2023/02/03,2024/01/27,GRAND BOULEVARD,"0","48492503.1554","0","38","38","0","0","28196.8371573"
41.81,-87.6,"1107","8","0",2023/02/01,2024/01/31,KENWOOD,"0","29071741.9283","0","39","39","0","0","23325.1679062"
41.81,-87.59,"518","12","0",2023/02/05,2024/01/31,KENWOOD,"0","29071741.9283","0","39","39","0","0","23325.1679062"
41.97,-87.7,"1091","29","0",2023/02/04,2024/01/31,LINCOLN SQUARE,"0","71352328.2399","0","4","4","0","0","36624.6030848"
41.97,-87.69,"3146","103","0",2023/02/02,2024/01/31,LINCOLN SQUARE,"0","71352328.2399","0","4","4","0","0","36624.6030848"
41.97,-87.68,"2772","70","0",2023/02/02,2024/01/31,LINCOLN SQUARE,"0","71352328.2399","0","4","4","0","0","36624.6030848"
41.98,-87.7,"821","28","0",2023/02/02,2024/01/29,LINCOLN SQUARE,"0","71352328.2399","0","4","4","0","0","36624.6030848"
41.98,-87.69,"1447","32","0",2023/02/01,2024/01/31,LINCOLN SQUARE,"0","71352328.2399","0","4","4","0","0","36624.6030848"
41.98,-87.68,"1320","24","0",2023/02/02,2024/01/31,LINCOLN SQUARE,"0","71352328.2399","0","4","4","0","0","36624.6030848"
41.99,-87.68,"489","6","0",2023/02/02,2024/01/28,LINCOLN SQUARE,"0","71352328.2399","0","4","4","0","0","36624.6030848"
41.79,-87.62,"121","0","0",2023/03/02,2023/12/24,WASHINGTON PARK,"0","42373881.4842","0","40","40","0","0","28175.3160866"
41.79,-87.61,"478","4","0",2023/02/05,2024/01/24,WASHINGTON PARK,"0","42373881.4842","0","40","40","0","0","28175.3160866"
41.8,-87.62,"194","8","0",2023/02/01,2024/01/31,WASHINGTON PARK,"0","42373881.4842","0","40","40","0","0","28175.3160866"
41.8,-87.61,"313","6","0",2023/02/02,2024/01/29,WASHINGTON PARK,"0","42373881.4842","0","40","40","0","0","28175.3160866"
41.79,-87.6,"12563","560","0",2023/02/01,2024/01/31,HYDE PARK,"0","45105380.1732","0","41","41","0","0","29746.7082016"
41.79,-87.59,"4245","146","0",2023/02/01,2024/01/31,HYDE PARK,"0","45105380.1732","0","41","41","0","0","29746.7082016"
41.79,-87.58,"803","14","0",2023/02/01,2024/01/29,HYDE PARK,"0","45105380.1732","0","41","41","0","0","29746.7082016"
41.8,-87.6,"4396","153","0",2023/02/01,2024/01/31,HYDE PARK,"0","45105380.1732","0","41","41","0","0","29746.7082016"
41.8,-87.59,"7311","304","2",2023/02/01,2024/01/31,HYDE PARK,"0","45105380.1732","0","41","41","0","0","29746.7082016"
41.77,-87.61,"132","1","0",2023/02/08,2024/01/12,WOODLAWN,"0","57815179.512","0","42","42","0","0","46936.9592443"
41.78,-87.61,"891","23","0",2023/02/01,2024/01/29,WOODLAWN,"0","57815179.512","0","42","42","0","0","46936.9592443"
41.78,-87.6,"1709","56","0",2023/02/01,2024/01/30,WOODLAWN,"0","57815179.512","0","42","42","0","0","46936.9592443"
41.78,-87.59,"688","19","0",2023/02/02,2024/01/30,WOODLAWN,"0","57815179.512","0","42","42","0","0","46936.9592443"
41.78,-87.58,"210","0","0",2023/03/28,2023/12/23,WOODLAWN,"0","57815179.512","0","42","42","0","0","46936.9592443"
42,-87.67,"2551","54","1",2023/02/01,2024/01/31,ROGERS PARK,"0","51259902.4506","0","1","1","0","0","34052.3975757"
42,-87.66,"3190","89","1",2023/02/01,2024/01/31,ROGERS PARK,"0","51259902.4506","0","1","1","0","0","34052.3975757"
42.01,-87.68,"1017","26","0",2023/02/01,2024/01/31,ROGERS PARK,"0","51259902.4506","0","1","1","0","0","34052.3975757"
42.01,-87.67,"2207","72","1",2023/02/01,2024/01/31,ROGERS PARK,"0","51259902.4506","0","1","1","0","0","34052.3975757"
42.01,-87.66,"1231","49","0",2023/02/01,2024/01/31,ROGERS PARK,"0","51259902.4506","0","1","1","0","0","34052.3975757"
42.02,-87.67,"1277","33","0",2023/02/04,2024/01/30,ROGERS PARK,"0","51259902.4506","0","1","1","0","0","34052.3975757"
41.97,-87.78,"181","0","0",2023/05/07,2023/12/30,JEFFERSON PARK,"0","64868161.6818","0","11","11","0","0","44011.9571704"
41.97,-87.77,"110","0","0",2023/05/09,2023/12/24,JEFFERSON PARK,"0","64868161.6818","0","11","11","0","0","44011.9571704"
41.97,-87.76,"666","16","0",2023/02/04,2024/01/31,JEFFERSON PARK,"0","64868161.6818","0","11","11","0","0","44011.9571704"
41.98,-87.78,"77","1","0",2023/05/12,2024/01/04,JEFFERSON PARK,"0","64868161.6818","0","11","11","0","0","44011.9571704"
41.98,-87.77,"62","2","0",2023/05/13,2024/01/24,JEFFERSON PARK,"0","64868161.6818","0","11","11","0","0","44011.9571704"
41.98,-87.76,"100","4","0",2023/05/07,2024/01/11,JEFFERSON PARK,"0","64868161.6818","0","11","11","0","0","44011.9571704"
41.97,-87.75,"183","6","0",2023/02/23,2024/01/31,FOREST GLEN,"0","89130893.6364","0","12","12","0","0","74493.821604"
41.98,-87.75,"35","3","0",2023/05/03,2024/01/28,FOREST GLEN,"0","89130893.6364","0","12","12","0","0","74493.821604"
41.99,-87.77,"29","0","0",2023/05/04,2023/11/06,FOREST GLEN,"0","89130893.6364","0","12","12","0","0","74493.821604"
41.99,-87.76,"10","0","0",2023/05/13,2023/09/29,FOREST GLEN,"0","89130893.6364","0","12","12","0","0","74493.821604"
41.99,-87.75,"39","0","0",2023/05/21,2023/12/21,FOREST GLEN,"0","89130893.6364","0","12","12","0","0","74493.821604"
41.99,-87.74,"58","0","0",2023/05/12,2023/10/20,FOREST GLEN,"0","89130893.6364","0","12","12","0","0","74493.821604"
42,-87.78,"9","0","0",2023/06/01,2023/10/01,FOREST GLEN,"0","89130893.6364","0","12","12","0","0","74493.821604"
42,-87.77,"49","3","0",2023/05/05,2024/01/31,FOREST GLEN,"0","89130893.6364","0","12","12","0","0","74493.821604"
42,-87.76,"35","1","0",2023/05/04,2024/01/01,FOREST GLEN,"0","89130893.6364","0","12","12","0","0","74493.821604"
42.01,-87.78,"20","1","0",2023/05/28,2024/01/07,FOREST GLEN,"0","89130893.6364","0","12","12","0","0","74493.821604"
41.98,-87.74,"87","0","0",2023/05/04,2023/12/23,NORTH PARK,"0","70288706.4343","0","13","13","0","0","41581.9486539"
41.98,-87.73,"138","1","0",2023/05/09,2024/01/30,NORTH PARK,"0","70288706.4343","0","13","13","0","0","41581.9486539"
41.98,-87.72,"164","5","0",2023/03/15,2024/01/22,NORTH PARK,"0","70288706.4343","0","13","13","0","0","41581.9486539"
41.98,-87.71,"435","3","0",2023/02/01,2024/01/26,NORTH PARK,"0","70288706.4343","0","13","13","0","0","41581.9486539"
41.99,-87.73,"99","0","0",2023/05/04,2023/12/12,NORTH PARK,"0","70288706.4343","0","13","13","0","0","41581.9486539"
41.99,-87.72,"29","2","0",2023/05/05,2024/01/09,NORTH PARK,"0","70288706.4343","0","13","13","0","0","41581.9486539"
41.99,-87.71,"591","26","0",2023/02/01,2024/01/31,NORTH PARK,"0","70288706.4343","0","13","13","0","0","41581.9486539"
41.97,-87.74,"339","1","0",2023/02/04,2024/01/04,ALBANY PARK,"0","53542230.8191","0","14","14","0","0","39339.0164387"
41.97,-87.73,"309","2","0",2023/02/02,2024/01/18,ALBANY PARK,"0","53542230.8191","0","14","14","0","0","39339.0164387"
41.97,-87.72,"623","12","0",2023/02/03,2024/01/31,ALBANY PARK,"0","53542230.8191","0","14","14","0","0","39339.0164387"
41.97,-87.71,"1305","18","0",2023/02/01,2024/01/31,ALBANY PARK,"0","53542230.8191","0","14","14","0","0","39339.0164387"
41.94,-87.77,"427","11","0",2023/02/05,2024/01/31,PORTAGE PARK,"0","110196097.139","0","15","15","0","0","46520.6421377"
41.94,-87.76,"206","2","0",2023/02/01,2024/01/27,PORTAGE PARK,"0","110196097.139","0","15","15","0","0","46520.6421377"
41.94,-87.75,"476","9","1",2023/02/01,2024/01/29,PORTAGE PARK,"0","110196097.139","0","15","15","0","0","46520.6421377"
41.95,-87.77,"358","13","0",2023/02/06,2024/01/29,PORTAGE PARK,"0","110196097.139","0","15","15","0","0","46520.6421377"
41.95,-87.76,"279","2","0",2023/02/01,2024/01/02,PORTAGE PARK,"0","110196097.139","0","15","15","0","0","46520.6421377"
41.95,-87.75,"531","10","0",2023/02/01,2024/01/29,PORTAGE PARK,"0","110196097.139","0","15","15","0","0","46520.6421377"
41.96,-87.78,"42","1","0",2023/06/01,2024/01/13,PORTAGE PARK,"0","110196097.139","0","15","15","0","0","46520.6421377"
41.96,-87.77,"151","8","0",2023/03/04,2024/01/30,PORTAGE PARK,"0","110196097.139","0","15","15","0","0","46520.6421377"
41.96,-87.76,"289","4","0",2023/02/01,2024/01/27,PORTAGE PARK,"0","110196097.139","0","15","15","0","0","46520.6421377"
41.96,-87.75,"419","5","0",2023/02/01,2024/01/26,PORTAGE PARK,"0","110196097.139","0","15","15","0","0","46520.6421377"
41.94,-87.74,"397","5","0",2023/02/04,2024/01/31,IRVING PARK,"0","89611382.3106","0","16","16","0","0","49083.2240938"
41.94,-87.73,"1523","39","0",2023/02/01,2024/01/31,IRVING PARK,"0","89611382.3106","0","16","16","0","0","49083.2240938"
41.95,-87.74,"611","4","0",2023/02/06,2024/01/25,IRVING PARK,"0","89611382.3106","0","16","16","0","0","49083.2240938"
41.95,-87.73,"1037","28","0",2023/02/01,2024/01/30,IRVING PARK,"0","89611382.3106","0","16","16","0","0","49083.2240938"
41.95,-87.72,"1182","48","0",2023/02/02,2024/01/30,IRVING PARK,"0","89611382.3106","0","16","16","0","0","49083.2240938"
41.95,-87.71,"2160","65","0",2023/02/01,2024/01/31,IRVING PARK,"0","89611382.3106","0","16","16","0","0","49083.2240938"
41.95,-87.7,"1024","22","0",2023/02/02,2024/01/31,IRVING PARK,"0","89611382.3106","0","16","16","0","0","49083.2240938"
41.96,-87.74,"494","12","0",2023/02/01,2024/01/31,IRVING PARK,"0","89611382.3106","0","16","16","0","0","49083.2240938"
41.96,-87.73,"600","14","0",2023/02/02,2024/01/31,IRVING PARK,"0","89611382.3106","0","16","16","0","0","49083.2240938"
41.96,-87.72,"691","11","0",2023/02/01,2024/01/31,IRVING PARK,"0","89611382.3106","0","16","16","0","0","49083.2240938"
41.96,-87.71,"1983","58","0",2023/02/01,2024/01/31,IRVING PARK,"0","89611382.3106","0","16","16","0","0","49083.2240938"
41.96,-87.7,"1473","25","0",2023/02/02,2024/01/31,IRVING PARK,"0","89611382.3106","0","16","16","0","0","49083.2240938"
41.94,-87.83,"69","0","0",2023/02/02,2023/12/26,DUNNING,"0","103595001.175","0","17","17","0","0","54555.9925337"
41.94,-87.82,"57","0","0",2023/02/26,2023/10/31,DUNNING,"0","103595001.175","0","17","17","0","0","54555.9925337"
41.94,-87.81,"142","1","0",2023/02/09,2024/01/31,DUNNING,"0","103595001.175","0","17","17","0","0","54555.9925337"
41.94,-87.8,"79","0","0",2023/02/11,2023/12/22,DUNNING,"0","103595001.175","0","17","17","0","0","54555.9925337"
41.94,-87.79,"156","1","0",2023/02/08,2024/01/03,DUNNING,"0","103595001.175","0","17","17","0","0","54555.9925337"
41.94,-87.78,"169","4","0",2023/02/05,2024/01/30,DUNNING,"0","103595001.175","0","17","17","0","0","54555.9925337"
41.95,-87.83,"14","0","0",2023/02/09,2023/07/21,DUNNING,"0","103595001.175","0","17","17","0","0","54555.9925337"
41.95,-87.82,"26","0","0",2023/02/28,2023/10/26,DUNNING,"0","103595001.175","0","17","17","0","0","54555.9925337"
41.95,-87.81,"126","1","0",2023/02/06,2024/01/29,DUNNING,"0","103595001.175","0","17","17","0","0","54555.9925337"
41.95,-87.8,"52","1","0",2023/03/06,2024/01/31,DUNNING,"0","103595001.175","0","17","17","0","0","54555.9925337"
41.95,-87.79,"118","0","0",2023/02/02,2023/12/30,DUNNING,"0","103595001.175","0","17","17","0","0","54555.9925337"
41.95,-87.78,"181","3","0",2023/02/03,2024/01/04,DUNNING,"0","103595001.175","0","17","17","0","0","54555.9925337"
41.96,-87.79,"77","1","0",2023/05/03,2024/01/02,DUNNING,"0","103595001.175","0","17","17","0","0","54555.9925337"
41.93,-87.8,"128","4","0",2023/02/03,2024/01/12,MONTCLARE,"0","27576393.6325","0","18","18","0","0","22404.8521448"
41.92,-87.79,"197","1","0",2023/02/07,2024/01/29,BELMONT CRAGIN,"0","109099414.689","0","19","19","0","0","43311.707379"
41.92,-87.78,"323","3","0",2023/02/07,2024/01/30,BELMONT CRAGIN,"0","109099414.689","0","19","19","0","0","43311.707379"
41.92,-87.77,"457","5","0",2023/02/01,2024/01/27,BELMONT CRAGIN,"0","109099414.689","0","19","19","0","0","43311.707379"
41.92,-87.76,"498","7","0",2023/02/02,2024/01/31,BELMONT CRAGIN,"0","109099414.689","0","19","19","0","0","43311.707379"
41.92,-87.75,"777","8","0",2023/02/01,2024/01/31,BELMONT CRAGIN,"0","109099414.689","0","19","19","0","0","43311.707379"
41.93,-87.79,"656","9","0",2023/02/01,2024/01/30,BELMONT CRAGIN,"0","109099414.689","0","19","19","0","0","43311.707379"
41.93,-87.78,"399","7","0",2023/02/06,2024/01/30,BELMONT CRAGIN,"0","109099414.689","0","19","19","0","0","43311.707379"
41.93,-87.77,"628","17","0",2023/02/01,2024/01/31,BELMONT CRAGIN,"0","109099414.689","0","19","19","0","0","43311.707379"
41.93,-87.76,"479","0","0",2023/02/02,2023/12/30,BELMONT CRAGIN,"0","109099414.689","0","19","19","0","0","43311.707379"
41.93,-87.75,"432","6","0",2023/02/07,2024/01/30,BELMONT CRAGIN,"0","109099414.689","0","19","19","0","0","43311.707379"
41.99,-87.7,"439","6","0",2023/02/01,2024/01/29,WEST RIDGE,"0","98429094.8621","0","2","2","0","0","43020.6894583"
41.99,-87.69,"345","9","0",2023/02/02,2024/01/29,WEST RIDGE,"0","98429094.8621","0","2","2","0","0","43020.6894583"
42,-87.7,"495","4","0",2023/02/02,2024/01/28,WEST RIDGE,"0","98429094.8621","0","2","2","0","0","43020.6894583"
42,-87.69,"836","17","0",2023/02/04,2024/01/29,WEST RIDGE,"0","98429094.8621","0","2","2","0","0","43020.6894583"
42,-87.68,"685","11","0",2023/02/03,2024/01/27,WEST RIDGE,"0","98429094.8621","0","2","2","0","0","43020.6894583"
42.01,-87.7,"297","4","0",2023/02/01,2024/01/08,WEST RIDGE,"0","98429094.8621","0","2","2","0","0","43020.6894583"
42.01,-87.69,"359","0","0",2023/02/02,2023/12/27,WEST RIDGE,"0","98429094.8621","0","2","2","0","0","43020.6894583"
41.92,-87.74,"540","5","0",2023/02/02,2024/01/27,HERMOSA,"0","32602059.4055","0","20","20","0","0","27179.0174378"
41.92,-87.73,"1043","11","0",2023/02/02,2024/01/31,HERMOSA,"0","32602059.4055","0","20","20","0","0","27179.0174378"
41.93,-87.74,"630","12","0",2023/02/01,2024/01/30,HERMOSA,"0","32602059.4055","0","20","20","0","0","27179.0174378"
41.94,-87.72,"1709","23","2",2023/02/01,2024/01/30,AVONDALE,"0","55290595.473","0","21","21","0","0","34261.9334038"
41.94,-87.71,"1595","42","0",2023/02/01,2024/01/31,AVONDALE,"0","55290595.473","0","21","21","0","0","34261.9334038"
41.94,-87.7,"1932","40","0",2023/02/02,2024/01/31,AVONDALE,"0","55290595.473","0","21","21","0","0","34261.9334038"
41.92,-87.72,"3143","86","0",2023/02/01,2024/01/31,LOGAN SQUARE,"0","100057566.7","0","22","22","0","0","49213.4217488"
41.92,-87.71,"3470","54","0",2023/02/02,2024/01/31,LOGAN SQUARE,"0","100057566.7","0","22","22","0","0","49213.4217488"
41.92,-87.7,"5515","113","2",2023/02/02,2024/01/31,LOGAN SQUARE,"0","100057566.7","0","22","22","0","0","49213.4217488"
41.92,-87.69,"6328","175","0",2023/02/01,2024/01/31,LOGAN SQUARE,"0","100057566.7","0","22","22","0","0","49213.4217488"
41.92,-87.68,"5084","151","1",2023/02/01,2024/01/31,LOGAN SQUARE,"0","100057566.7","0","22","22","0","0","49213.4217488"
41.92,-87.67,"5585","153","0",2023/02/01,2024/01/31,LOGAN SQUARE,"0","100057566.7","0","22","22","0","0","49213.4217488"
41.93,-87.73,"877","21","0",2023/02/01,2024/01/30,LOGAN SQUARE,"0","100057566.7","0","22","22","0","0","49213.4217488"
41.93,-87.72,"2461","70","0",2023/02/01,2024/01/31,LOGAN SQUARE,"0","100057566.7","0","22","22","0","0","49213.4217488"
41.93,-87.71,"5447","84","0",2023/02/01,2024/01/31,LOGAN SQUARE,"0","100057566.7","0","22","22","0","0","49213.4217488"
41.93,-87.7,"5027","100","0",2023/02/01,2024/01/31,LOGAN SQUARE,"0","100057566.7","0","22","22","0","0","49213.4217488"
41.93,-87.69,"3570","46","0",2023/02/01,2024/01/31,LOGAN SQUARE,"0","100057566.7","0","22","22","0","0","49213.4217488"
41.89,-87.74,"35","0","0",2023/02/13,2023/12/28,HUMBOLDT PARK,"0","100480876.502","0","23","23","0","0","48583.0643299"
41.89,-87.73,"49","2","0",2023/02/04,2024/01/31,HUMBOLDT PARK,"0","100480876.502","0","23","23","0","0","48583.0643299"
41.89,-87.72,"160","8","0",2023/02/02,2024/01/25,HUMBOLDT PARK,"0","100480876.502","0","23","23","0","0","48583.0643299"
41.89,-87.71,"416","3","0",2023/02/10,2024/01/26,HUMBOLDT PARK,"0","100480876.502","0","23","23","0","0","48583.0643299"
41.89,-87.7,"261","3","0",2023/02/03,2024/01/30,HUMBOLDT PARK,"0","100480876.502","0","23","23","0","0","48583.0643299"
41.9,-87.74,"38","2","0",2023/03/20,2024/01/03,HUMBOLDT PARK,"0","100480876.502","0","23","23","0","0","48583.0643299"
41.9,-87.73,"148","2","0",2023/02/03,2024/01/29,HUMBOLDT PARK,"0","100480876.502","0","23","23","0","0","48583.0643299"
41.9,-87.72,"331","5","0",2023/02/05,2024/01/23,HUMBOLDT PARK,"0","100480876.502","0","23","23","0","0","48583.0643299"
41.9,-87.71,"995","11","0",2023/02/04,2024/01/31,HUMBOLDT PARK,"0","100480876.502","0","23","23","0","0","48583.0643299"
41.91,-87.74,"216","6","0",2023/02/07,2024/01/29,HUMBOLDT PARK,"0","100480876.502","0","23","23","0","0","48583.0643299"
41.91,-87.73,"620","28","0",2023/02/03,2024/01/31,HUMBOLDT PARK,"0","100480876.502","0","23","23","0","0","48583.0643299"
41.91,-87.72,"1786","43","0",2023/02/01,2024/01/31,HUMBOLDT PARK,"0","100480876.502","0","23","23","0","0","48583.0643299"
41.91,-87.71,"2247","47","0",2023/02/01,2024/01/31,HUMBOLDT PARK,"0","100480876.502","0","23","23","0","0","48583.0643299"
41.89,-87.69,"841","26","0",2023/02/02,2024/01/29,WEST TOWN,"0","127562904.597","0","24","24","0","0","55203.7186956"
41.89,-87.68,"2373","35","0",2023/02/01,2024/01/31,WEST TOWN,"0","127562904.597","0","24","24","0","0","55203.7186956"
41.89,-87.67,"2972","44","0",2023/02/01,2024/01/31,WEST TOWN,"0","127562904.597","0","24","24","0","0","55203.7186956"
41.89,-87.66,"6947","151","0",2023/02/01,2024/01/31,WEST TOWN,"0","127562904.597","0","24","24","0","0","55203.7186956"
41.89,-87.65,"13776","276","0",2023/02/01,2024/01/31,WEST TOWN,"0","127562904.597","0","24","24","0","0","55203.7186956"
41.9,-87.7,"2540","47","0",2023/02/01,2024/01/31,WEST TOWN,"0","127562904.597","0","24","24","0","0","55203.7186956"
41.9,-87.69,"5576","133","0",2023/02/01,2024/01/31,WEST TOWN,"0","127562904.597","0","24","24","0","0","55203.7186956"
41.9,-87.68,"6118","148","1",2023/02/01,2024/01/31,WEST TOWN,"0","127562904.597","0","24","24","0","0","55203.7186956"
41.9,-87.67,"7647","180","0",2023/02/01,2024/01/31,WEST TOWN,"0","127562904.597","0","24","24","0","0","55203.7186956"
41.9,-87.66,"4059","92","0",2023/02/01,2024/01/31,WEST TOWN,"0","127562904.597","0","24","24","0","0","55203.7186956"
41.91,-87.7,"2301","46","0",2023/02/01,2024/01/31,WEST TOWN,"0","127562904.597","0","24","24","0","0","55203.7186956"
41.91,-87.69,"3975","86","0",2023/02/01,2024/01/31,WEST TOWN,"0","127562904.597","0","24","24","0","0","55203.7186956"
41.91,-87.68,"9485","203","0",2023/02/01,2024/01/31,WEST TOWN,"0","127562904.597","0","24","24","0","0","55203.7186956"
41.91,-87.67,"7775","155","1",2023/02/01,2024/01/31,WEST TOWN,"0","127562904.597","0","24","24","0","0","55203.7186956"
41.91,-87.66,"4258","64","0",2023/02/01,2024/01/31,WEST TOWN,"0","127562904.597","0","24","24","0","0","55203.7186956"
41.87,-87.77,"73","0","0",2023/02/08,2023/12/09,AUSTIN,"0","199254203.427","0","25","25","0","0","75226.4749167"
41.87,-87.76,"74","0","0",2023/02/24,2023/12/11,AUSTIN,"0","199254203.427","0","25","25","0","0","75226.4749167"
41.87,-87.75,"92","1","0",2023/02/07,2024/01/07,AUSTIN,"0","199254203.427","0","25","25","0","0","75226.4749167"
41.87,-87.74,"36","0","0",2023/02/14,2023/10/31,AUSTIN,"0","199254203.427","0","25","25","0","0","75226.4749167"
41.88,-87.77,"101","0","0",2023/02/07,2023/12/15,AUSTIN,"0","199254203.427","0","25","25","0","0","75226.4749167"
41.88,-87.76,"284","1","0",2023/02/05,2024/01/29,AUSTIN,"0","199254203.427","0","25","25","0","0","75226.4749167"
41.88,-87.75,"210","0","0",2023/02/03,2023/11/20,AUSTIN,"0","199254203.427","0","25","25","0","0","75226.4749167"
41.89,-87.77,"150","6","0",2023/02/08,2024/01/31,AUSTIN,"0","199254203.427","0","25","25","0","0","75226.4749167"
41.89,-87.76,"187","2","0",2023/02/03,2024/01/31,AUSTIN,"0","199254203.427","0","25","25","0","0","75226.4749167"
41.89,-87.75,"63","0","0",2023/02/19,2023/12/23,AUSTIN,"0","199254203.427","0","25","25","0","0","75226.4749167"
41.9,-87.77,"54","2","0",2023/02/03,2024/01/21,AUSTIN,"0","199254203.427","0","25","25","0","0","75226.4749167"
41.9,-87.76,"87","0","0",2023/02/14,2023/12/19,AUSTIN,"0","199254203.427","0","25","25","0","0","75226.4749167"
41.9,-87.75,"199","6","0",2023/02/04,2024/01/30,AUSTIN,"0","199254203.427","0","25","25","0","0","75226.4749167"
41.91,-87.8,"63","4","0",2023/02/06,2024/01/26,AUSTIN,"0","199254203.427","0","25","25","0","0","75226.4749167"
41.91,-87.79,"57","0","0",2023/02/03,2023/12/13,AUSTIN,"0","199254203.427","0","25","25","0","0","75226.4749167"
41.91,-87.78,"117","0","0",2023/02/12,2023/11/30,AUSTIN,"0","199254203.427","0","25","25","0","0","75226.4749167"
41.91,-87.77,"129","3","0",2023/02/11,2024/01/25,AUSTIN,"0","199254203.427","0","25","25","0","0","75226.4749167"
41.91,-87.76,"269","4","0",2023/02/01,2024/01/31,AUSTIN,"0","199254203.427","0","25","25","0","0","75226.4749167"
41.91,-87.75,"207","5","0",2023/02/06,2024/01/29,AUSTIN,"0","199254203.427","0","25","25","0","0","75226.4749167"
41.92,-87.8,"115","4","0",2023/02/07,2024/01/09,AUSTIN,"0","199254203.427","0","25","25","0","0","75226.4749167"
41.87,-87.73,"48","2","0",2023/02/15,2024/01/30,WEST GARFIELD PARK,"0","36092848.8151","0","26","26","0","0","26238.5419796"
41.88,-87.74,"161","1","0",2023/02/01,2024/01/22,WEST GARFIELD PARK,"0","36092848.8151","0","26","26","0","0","26238.5419796"
41.88,-87.73,"146","3","0",2023/02/28,2024/01/12,WEST GARFIELD PARK,"0","36092848.8151","0","26","26","0","0","26238.5419796"
41.87,-87.72,"52","1","0",2023/02/04,2024/01/27,EAST GARFIELD PARK,"0","53883220.8462","0","27","27","0","0","31514.6259565"
41.87,-87.7,"176","2","0",2023/02/01,2024/01/25,EAST GARFIELD PARK,"0","53883220.8462","0","27","27","0","0","31514.6259565"
41.88,-87.72,"142","1","0",2023/03/04,2024/01/02,EAST GARFIELD PARK,"0","53883220.8462","0","27","27","0","0","31514.6259565"
41.88,-87.71,"307","3","0",2023/02/04,2024/01/24,EAST GARFIELD PARK,"0","53883220.8462","0","27","27","0","0","31514.6259565"
41.88,-87.7,"249","6","0",2023/02/06,2024/01/29,EAST GARFIELD PARK,"0","53883220.8462","0","27","27","0","0","31514.6259565"
41.86,-87.68,"717","14","0",2023/02/01,2024/01/31,NEAR WEST SIDE,"0","158492466.554","0","28","28","0","0","53003.5929406"
41.86,-87.67,"1212","28","0",2023/02/06,2024/01/31,NEAR WEST SIDE,"0","158492466.554","0","28","28","0","0","53003.5929406"
41.86,-87.66,"1887","41","0",2023/02/01,2024/01/30,NEAR WEST SIDE,"0","158492466.554","0","28","28","0","0","53003.5929406"
41.86,-87.65,"2607","78","0",2023/02/01,2024/01/31,NEAR WEST SIDE,"0","158492466.554","0","28","28","0","0","53003.5929406"
41.87,-87.69,"969","10","0",2023/02/01,2024/01/31,NEAR WEST SIDE,"0","158492466.554","0","28","28","0","0","53003.5929406"
41.87,-87.68,"2410","46","0",2023/02/01,2024/01/31,NEAR WEST SIDE,"0","158492466.554","0","28","28","0","0","53003.5929406"
41.87,-87.67,"4005","117","0",2023/02/01,2024/01/31,NEAR WEST SIDE,"0","158492466.554","0","28","28","0","0","53003.5929406"
41.87,-87.66,"4361","78","0",2023/02/01,2024/01/31,NEAR WEST SIDE,"0","158492466.554","0","28","28","0","0","53003.5929406"
41.87,-87.65,"6387","256","0",2023/02/01,2024/01/31,NEAR WEST SIDE,"0","158492466.554","0","28","28","0","0","53003.5929406"
41.87,-87.64,"2493","67","0",2023/02/01,2024/01/31,NEAR WEST SIDE,"0","158492466.554","0","28","28","0","0","53003.5929406"
41.88,-87.69,"627","20","0",2023/02/05,2024/01/31,NEAR WEST SIDE,"0","158492466.554","0","28","28","0","0","53003.5929406"
41.88,-87.68,"1135","29","0",2023/02/06,2024/01/31,NEAR WEST SIDE,"0","158492466.554","0","28","28","0","0","53003.5929406"
41.88,-87.67,"2793","66","0",2023/02/01,2024/01/31,NEAR WEST SIDE,"0","158492466.554","0","28","28","0","0","53003.5929406"
41.88,-87.66,"5915","150","0",2023/02/01,2024/01/31,NEAR WEST SIDE,"0","158492466.554","0","28","28","0","0","53003.5929406"
41.88,-87.65,"14646","363","0",2023/02/01,2024/01/31,NEAR WEST SIDE,"0","158492466.554","0","28","28","0","0","53003.5929406"
41.88,-87.64,"15500","552","0",2023/02/01,2024/01/31,NEAR WEST SIDE,"0","158492466.554","0","28","28","0","0","53003.5929406"
41.85,-87.73,"106","1","0",2023/02/28,2024/01/05,NORTH LAWNDALE,"0","89487422.0242","0","29","29","0","0","44959.4596627"
41.86,-87.73,"81","0","0",2023/02/15,2023/12/02,NORTH LAWNDALE,"0","89487422.0242","0","29","29","0","0","44959.4596627"
41.86,-87.72,"62","1","0",2023/02/12,2024/01/27,NORTH LAWNDALE,"0","89487422.0242","0","29","29","0","0","44959.4596627"
41.86,-87.71,"145","1","0",2023/02/07,2024/01/28,NORTH LAWNDALE,"0","89487422.0242","0","29","29","0","0","44959.4596627"
41.86,-87.7,"614","5","0",2023/02/13,2024/01/31,NORTH LAWNDALE,"0","89487422.0242","0","29","29","0","0","44959.4596627"
41.86,-87.69,"757","23","0",2023/02/01,2024/01/27,NORTH LAWNDALE,"0","89487422.0242","0","29","29","0","0","44959.4596627"
41.87,-87.71,"272","12","0",2023/02/02,2024/01/31,NORTH LAWNDALE,"0","89487422.0242","0","29","29","0","0","44959.4596627"
41.96,-87.66,"4152","98","1",2023/02/01,2024/01/31,UPTOWN,"0","65095642.7289","0","3","3","0","0","46972.7945549"
41.96,-87.65,"8922","190","0",2023/02/01,2024/01/31,UPTOWN,"0","65095642.7289","0","3","3","0","0","46972.7945549"
41.96,-87.64,"5548","13","0",2023/02/04,2024/01/31,UPTOWN,"0","65095642.7289","0","3","3","0","0","46972.7945549"
41.97,-87.67,"6570","254","3",2023/02/01,2024/01/31,UPTOWN,"0","65095642.7289","0","3","3","0","0","46972.7945549"
41.97,-87.66,"6158","176","0",2023/02/01,2024/01/31,UPTOWN,"0","65095642.7289","0","3","3","0","0","46972.7945549"
41.97,-87.65,"4919","116","0",2023/02/01,2024/01/31,UPTOWN,"0","65095642.7289","0","3","3","0","0","46972.7945549"
41.83,-87.73,"72","0","0",2023/02/09,2023/10/12,SOUTH LAWNDALE,"0","127998297.867","0","30","30","0","0","49904.0452102"
41.83,-87.72,"24","0","0",2023/03/09,2023/11/13,SOUTH LAWNDALE,"0","127998297.867","0","30","30","0","0","49904.0452102"
41.83,-87.71,"8","0","0",2023/03/10,2023/11/10,SOUTH LAWNDALE,"0","127998297.867","0","30","30","0","0","49904.0452102"
41.84,-87.73,"162","2","0",2023/02/06,2024/01/28,SOUTH LAWNDALE,"0","127998297.867","0","30","30","0","0","49904.0452102"
41.84,-87.72,"405","17","0",2023/02/02,2024/01/30,SOUTH LAWNDALE,"0","127998297.867","0","30","30","0","0","49904.0452102"
41.84,-87.71,"205","3","0",2023/02/03,2024/01/29,SOUTH LAWNDALE,"0","127998297.867","0","30","30","0","0","49904.0452102"
41.84,-87.7,"83","0","0",2023/02/02,2023/12/12,SOUTH LAWNDALE,"0","127998297.867","0","30","30","0","0","49904.0452102"
41.84,-87.69,"61","0","0",2023/02/19,2023/12/21,SOUTH LAWNDALE,"0","127998297.867","0","30","30","0","0","49904.0452102"
41.85,-87.72,"207","5","0",2023/02/08,2024/01/29,SOUTH LAWNDALE,"0","127998297.867","0","30","30","0","0","49904.0452102"
41.85,-87.71,"208","4","0",2023/02/02,2024/01/28,SOUTH LAWNDALE,"0","127998297.867","0","30","30","0","0","49904.0452102"
41.85,-87.7,"460","8","0",2023/02/01,2024/01/29,SOUTH LAWNDALE,"0","127998297.867","0","30","30","0","0","49904.0452102"
41.85,-87.69,"944","22","0",2023/02/02,2024/01/31,SOUTH LAWNDALE,"0","127998297.867","0","30","30","0","0","49904.0452102"
41.84,-87.68,"35","1","0",2023/03/15,2024/01/05,LOWER WEST SIDE,"0","81550723.6377","0","31","31","0","0","43229.3727036"
41.84,-87.67,"271","6","0",2023/02/05,2024/01/25,LOWER WEST SIDE,"0","81550723.6377","0","31","31","0","0","43229.3727036"
41.85,-87.68,"1289","38","0",2023/02/01,2024/01/31,LOWER WEST SIDE,"0","81550723.6377","0","31","31","0","0","43229.3727036"
41.85,-87.67,"798","23","0",2023/02/03,2024/01/31,LOWER WEST SIDE,"0","81550723.6377","0","31","31","0","0","43229.3727036"
41.85,-87.66,"402","10","0",2023/02/24,2024/01/28,LOWER WEST SIDE,"0","81550723.6377","0","31","31","0","0","43229.3727036"
41.85,-87.65,"447","14","0",2023/02/01,2024/01/31,LOWER WEST SIDE,"0","81550723.6377","0","31","31","0","0","43229.3727036"
41.86,-87.64,"1321","76","0",2023/02/01,2024/01/31,LOWER WEST SIDE,"0","81550723.6377","0","31","31","0","0","43229.3727036"
41.85,-87.62,"1557","27","0",2023/02/01,2024/01/30,NEAR SOUTH SIDE,"0","49769639.4541","0","33","33","0","0","45053.1651038"
41.85,-87.61,"655","0","0",2023/02/02,2023/12/30,NEAR SOUTH SIDE,"0","49769639.4541","0","33","33","0","0","45053.1651038"
41.86,-87.63,"1964","52","0",2023/02/01,2024/01/31,NEAR SOUTH SIDE,"0","49769639.4541","0","33","33","0","0","45053.1651038"
41.86,-87.62,"2824","59","0",2023/02/01,2024/01/31,NEAR SOUTH SIDE,"0","49769639.4541","0","33","33","0","0","45053.1651038"
41.86,-87.61,"2821","0","0",2023/02/01,2023/12/30,NEAR SOUTH SIDE,"0","49769639.4541","0","33","33","0","0","45053.1651038"
41.83,-87.63,"2165","38","0",2023/02/01,2024/01/31,ARMOUR SQUARE,"0","27766196.0954","0","34","34","0","0","31948.5988398"
41.84,-87.63,"1821","39","0",2023/02/01,2024/01/31,ARMOUR SQUARE,"0","27766196.0954","0","34","34","0","0","31948.5988398"
41.85,-87.64,"1153","21","1",2023/02/01,2024/01/31,ARMOUR SQUARE,"0","27766196.0954","0","34","34","0","0","31948.5988398"
41.85,-87.63,"2148","35","0",2023/02/01,2024/01/31,ARMOUR SQUARE,"0","27766196.0954","0","34","34","0","0","31948.5988398"
41.97,-87.8,"13","0","0",2023/05/05,2023/10/31,NORWOOD PARK,"0","121959105.47","0","10","10","0","0","80368.3743778"
41.97,-87.79,"28","1","0",2023/05/13,2024/01/04,NORWOOD PARK,"0","121959105.47","0","10","10","0","0","80368.3743778"
41.98,-87.83,"6","1","0",2023/05/03,2024/01/06,NORWOOD PARK,"0","121959105.47","0","10","10","0","0","80368.3743778"
41.98,-87.82,"10","0","0",2023/05/10,2023/12/27,NORWOOD PARK,"0","121959105.47","0","10","10","0","0","80368.3743778"
41.98,-87.81,"136","0","0",2023/05/04,2023/12/31,NORWOOD PARK,"0","121959105.47","0","10","10","0","0","80368.3743778"
41.98,-87.8,"3","0","0",2023/05/12,2023/12/02,NORWOOD PARK,"0","121959105.47","0","10","10","0","0","80368.3743778"
41.98,-87.79,"51","0","0",2023/05/27,2023/12/20,NORWOOD PARK,"0","121959105.47","0","10","10","0","0","80368.3743778"
41.99,-87.82,"45","0","0",2023/05/12,2023/12/29,NORWOOD PARK,"0","121959105.47","0","10","10","0","0","80368.3743778"
41.99,-87.81,"5","0","0",2023/05/20,2023/10/09,NORWOOD PARK,"0","121959105.47","0","10","10","0","0","80368.3743778"
41.99,-87.8,"89","7","0",2023/05/07,2024/01/27,NORWOOD PARK,"0","121959105.47","0","10","10","0","0","80368.3743778"
41.99,-87.79,"47","0","0",2023/06/14,2023/12/19,NORWOOD PARK,"0","121959105.47","0","10","10","0","0","80368.3743778"
41.99,-87.78,"42","0","0",2023/05/15,2023/11/09,NORWOOD PARK,"0","121959105.47","0","10","10","0","0","80368.3743778"
42,-87.8,"15","0","0",2023/05/13,2023/10/19,NORWOOD PARK,"0","121959105.47","0","10","10","0","0","80368.3743778"
42,-87.79,"70","5","0",2023/05/13,2024/01/05,NORWOOD PARK,"0","121959105.47","0","10","10","0","0","80368.3743778"
41.89,-87.64,"13343","419","0",2023/02/01,2024/01/31,NEAR NORTH SIDE,"0","76675895.9728","0","8","8","0","0","57293.1649516"
41.89,-87.63,"24430","648","3",2023/02/01,2024/01/31,NEAR NORTH SIDE,"0","76675895.9728","0","8","8","0","0","57293.1649516"
41.89,-87.62,"16018","506","0",2023/02/01,2024/01/31,NEAR NORTH SIDE,"0","76675895.9728","0","8","8","0","0","57293.1649516"
41.89,-87.61,"10218","57","0",2023/02/01,2024/01/31,NEAR NORTH SIDE,"0","76675895.9728","0","8","8","0","0","57293.1649516"
41.9,-87.65,"3217","85","0",2023/02/01,2024/01/31,NEAR NORTH SIDE,"0","76675895.9728","0","8","8","0","0","57293.1649516"
41.9,-87.64,"7718","224","0",2023/02/01,2024/01/31,NEAR NORTH SIDE,"0","76675895.9728","0","8","8","0","0","57293.1649516"
41.9,-87.63,"19239","458","0",2023/02/01,2024/01/31,NEAR NORTH SIDE,"0","76675895.9728","0","8","8","0","0","57293.1649516"
41.9,-87.62,"11613","154","0",2023/02/01,2024/01/31,NEAR NORTH SIDE,"0","76675895.9728","0","8","8","0","0","57293.1649516"
41.91,-87.65,"9767","224","0",2023/02/01,2024/01/31,NEAR NORTH SIDE,"0","76675895.9728","0","8","8","0","0","57293.1649516"
41.91,-87.64,"4939","126","1",2023/02/01,2024/01/31,NEAR NORTH SIDE,"0","76675895.9728","0","8","8","0","0","57293.1649516"
41.91,-87.63,"20369","294","0",2023/02/01,2024/01/31,NEAR NORTH SIDE,"0","76675895.9728","0","8","8","0","0","57293.1649516"
41.87,-87.63,"6428","160","0",2023/02/01,2024/01/31,LOOP,"0","46335565.4586","0","32","32","0","0","39428.6729962"
41.87,-87.62,"6845","44","0",2023/02/01,2024/01/31,LOOP,"0","46335565.4586","0","32","32","0","0","39428.6729962"
41.88,-87.63,"19553","649","0",2023/02/01,2024/01/31,LOOP,"0","46335565.4586","0","32","32","0","0","39428.6729962"
41.88,-87.62,"10075","121","0",2023/02/02,2024/01/31,LOOP,"0","46335565.4586","0","32","32","0","0","39428.6729962"
41.76,-87.59,"127","0","0",2023/03/15,2023/12/15,SOUTH SHORE,"0","81812716.3958","0","43","43","0","0","44249.6461173"
41.76,-87.58,"184","2","0",2023/02/08,2024/01/29,SOUTH SHORE,"0","81812716.3958","0","43","43","0","0","44249.6461173"
41.76,-87.57,"174","0","0",2023/02/04,2023/12/15,SOUTH SHORE,"0","81812716.3958","0","43","43","0","0","44249.6461173"
41.76,-87.56,"234","5","0",2023/02/01,2024/01/31,SOUTH SHORE,"0","81812716.3958","0","43","43","0","0","44249.6461173"
41.77,-87.59,"313","1","0",2023/02/10,2024/01/02,SOUTH SHORE,"0","81812716.3958","0","43","43","0","0","44249.6461173"
41.77,-87.58,"505","14","0",2023/02/10,2024/01/31,SOUTH SHORE,"0","81812716.3958","0","43","43","0","0","44249.6461173"
41.77,-87.57,"505","17","0",2023/02/04,2024/01/31,SOUTH SHORE,"0","81812716.3958","0","43","43","0","0","44249.6461173"
41.73,-87.62,"16","0","0",2023/02/24,2023/09/20,CHATHAM,"0","82320670.3112","0","44","44","0","0","42006.9450094"
41.73,-87.61,"18","0","0",2023/02/20,2023/12/24,CHATHAM,"0","82320670.3112","0","44","44","0","0","42006.9450094"
41.74,-87.63,"76","3","0",2023/02/12,2024/01/30,CHATHAM,"0","82320670.3112","0","44","44","0","0","42006.9450094"
41.74,-87.62,"40","1","0",2023/02/19,2024/01/24,CHATHAM,"0","82320670.3112","0","44","44","0","0","42006.9450094"
41.74,-87.61,"51","0","0",2023/02/07,2023/12/05,CHATHAM,"0","82320670.3112","0","44","44","0","0","42006.9450094"
41.74,-87.6,"65","1","0",2023/02/05,2024/01/09,CHATHAM,"0","82320670.3112","0","44","44","0","0","42006.9450094"
41.75,-87.63,"58","7","0",2023/02/19,2024/01/31,CHATHAM,"0","82320670.3112","0","44","44","0","0","42006.9450094"
41.75,-87.62,"20","1","0",2023/04/10,2024/01/04,CHATHAM,"0","82320670.3112","0","44","44","0","0","42006.9450094"
41.75,-87.61,"56","2","0",2023/02/23,2024/01/12,CHATHAM,"0","82320670.3112","0","44","44","0","0","42006.9450094"
41.75,-87.6,"64","0","0",2023/02/05,2023/12/28,CHATHAM,"0","82320670.3112","0","44","44","0","0","42006.9450094"
41.74,-87.59,"32","0","0",2023/02/07,2023/11/20,AVALON PARK,"0","34852737.7366","0","45","45","0","0","27630.822534"
41.74,-87.58,"34","0","0",2023/02/12,2023/11/23,AVALON PARK,"0","34852737.7366","0","45","45","0","0","27630.822534"
41.74,-87.57,"32","2","1",2023/02/02,2024/01/30,AVALON PARK,"0","34852737.7366","0","45","45","0","0","27630.822534"
41.75,-87.59,"33","0","0",2023/02/19,2023/10/05,AVALON PARK,"0","34852737.7366","0","45","45","0","0","27630.822534"
41.73,-87.55,"104","0","0",2023/02/15,2023/12/27,SOUTH CHICAGO,"0","93272185.0092","0","46","46","0","0","52435.9794313"
41.73,-87.54,"7","0","0",2023/07/11,2023/11/18,SOUTH CHICAGO,"0","93272185.0092","0","46","46","0","0","52435.9794313"
41.74,-87.56,"70","1","0",2023/02/08,2024/01/03,SOUTH CHICAGO,"0","93272185.0092","0","46","46","0","0","52435.9794313"
41.74,-87.55,"282","4","0",2023/02/19,2024/01/29,SOUTH CHICAGO,"0","93272185.0092","0","46","46","0","0","52435.9794313"
41.74,-87.54,"36","0","0",2023/04/19,2023/12/09,SOUTH CHICAGO,"0","93272185.0092","0","46","46","0","0","52435.9794313"
41.74,-87.53,"94","1","0",2023/02/12,2024/01/10,SOUTH CHICAGO,"0","93272185.0092","0","46","46","0","0","52435.9794313"
41.75,-87.58,"67","1","0",2023/02/12,2024/01/02,SOUTH CHICAGO,"0","93272185.0092","0","46","46","0","0","52435.9794313"
41.75,-87.57,"48","1","0",2023/02/07,2024/01/10,SOUTH CHICAGO,"0","93272185.0092","0","46","46","0","0","52435.9794313"
41.75,-87.56,"105","1","0",2023/02/12,2024/01/04,SOUTH CHICAGO,"0","93272185.0092","0","46","46","0","0","52435.9794313"
41.75,-87.55,"85","5","0",2023/02/11,2024/01/29,SOUTH CHICAGO,"0","93272185.0092","0","46","46","0","0","52435.9794313"
41.75,-87.54,"1","0","0",2023/02/11,2023/02/11,SOUTH CHICAGO,"0","93272185.0092","0","46","46","0","0","52435.9794313"
41.73,-87.6,"22","0","0",2023/02/20,2023/12/21,BURNSIDE,"0","16995983.2737","0","47","47","0","0","18137.9442529"
41.83,-87.68,"610","5","0",2023/02/06,2024/01/29,MCKINLEY PARK,"0","39431799.6479","0","59","59","0","0","26014.0968371"
41.83,-87.67,"415","7","0",2023/02/01,2024/01/31,MCKINLEY PARK,"0","39431799.6479","0","59","59","0","0","26014.0968371"
41.83,-87.66,"196","3","0",2023/02/18,2024/01/29,MCKINLEY PARK,"0","39431799.6479","0","59","59","0","0","26014.0968371"
41.94,-87.67,"8948","261","0",2023/02/01,2024/01/31,LAKE VIEW,"0","87214799.2728","0","6","6","0","0","51973.0968677"
41.94,-87.66,"8324","143","1",2023/02/01,2024/01/31,LAKE VIEW,"0","87214799.2728","0","6","6","0","0","51973.0968677"
41.94,-87.65,"19944","408","1",2023/02/01,2024/01/31,LAKE VIEW,"0","87214799.2728","0","6","6","0","0","51973.0968677"
41.94,-87.64,"14948","240","0",2023/02/01,2024/01/31,LAKE VIEW,"0","87214799.2728","0","6","6","0","0","51973.0968677"
41.95,-87.67,"5069","115","0",2023/02/01,2024/01/31,LAKE VIEW,"0","87214799.2728","0","6","6","0","0","51973.0968677"
41.95,-87.66,"19292","364","0",2023/02/01,2024/01/31,LAKE VIEW,"0","87214799.2728","0","6","6","0","0","51973.0968677"
41.95,-87.65,"16312","351","0",2023/02/01,2024/01/31,LAKE VIEW,"0","87214799.2728","0","6","6","0","0","51973.0968677"
41.95,-87.64,"6562","34","0",2023/02/01,2024/01/31,LAKE VIEW,"0","87214799.2728","0","6","6","0","0","51973.0968677"
41.96,-87.67,"3355","107","0",2023/02/01,2024/01/31,LAKE VIEW,"0","87214799.2728","0","6","6","0","0","51973.0968677"
41.73,-87.59,"26","0","0",2023/02/12,2023/09/30,CALUMET HEIGHTS,"0","48826241.5643","0","48","48","0","0","32925.3658706"
41.73,-87.58,"26","0","0",2023/03/23,2023/10/24,CALUMET HEIGHTS,"0","48826241.5643","0","48","48","0","0","32925.3658706"
41.73,-87.57,"21","0","0",2023/03/05,2023/10/09,CALUMET HEIGHTS,"0","48826241.5643","0","48","48","0","0","32925.3658706"
41.73,-87.56,"16","1","0",2023/02/05,2024/01/03,CALUMET HEIGHTS,"0","48826241.5643","0","48","48","0","0","32925.3658706"
41.69,-87.64,"65","0","0",2023/02/02,2023/12/06,ROSELAND,"0","134313706.73","0","49","49","0","0","56632.7954292"
41.69,-87.63,"41","0","0",2023/02/02,2023/12/10,ROSELAND,"0","134313706.73","0","49","49","0","0","56632.7954292"
41.69,-87.62,"57","1","0",2023/03/21,2024/01/31,ROSELAND,"0","134313706.73","0","49","49","0","0","56632.7954292"
41.7,-87.64,"23","1","0",2023/02/09,2024/01/11,ROSELAND,"0","134313706.73","0","49","49","0","0","56632.7954292"
41.7,-87.63,"10","0","0",2023/04/16,2023/12/19,ROSELAND,"0","134313706.73","0","49","49","0","0","56632.7954292"
41.7,-87.62,"62","8","0",2023/02/05,2024/01/12,ROSELAND,"0","134313706.73","0","49","49","0","0","56632.7954292"
41.7,-87.61,"56","3","0",2023/02/03,2024/01/10,ROSELAND,"0","134313706.73","0","49","49","0","0","56632.7954292"
41.71,-87.63,"20","0","0",2023/06/19,2023/11/18,ROSELAND,"0","134313706.73","0","49","49","0","0","56632.7954292"
41.71,-87.62,"84","0","0",2023/02/08,2023/12/30,ROSELAND,"0","134313706.73","0","49","49","0","0","56632.7954292"
41.71,-87.61,"46","0","0",2023/03/02,2023/12/13,ROSELAND,"0","134313706.73","0","49","49","0","0","56632.7954292"
41.72,-87.63,"65","1","0",2023/02/04,2024/01/22,ROSELAND,"0","134313706.73","0","49","49","0","0","56632.7954292"
41.72,-87.62,"283","5","0",2023/02/06,2024/01/27,ROSELAND,"0","134313706.73","0","49","49","0","0","56632.7954292"
41.72,-87.61,"115","0","0",2023/02/01,2023/11/22,ROSELAND,"0","134313706.73","0","49","49","0","0","56632.7954292"
41.73,-87.63,"27","3","0",2023/03/15,2024/01/02,ROSELAND,"0","134313706.73","0","49","49","0","0","56632.7954292"
41.94,-87.69,"2469","33","0",2023/02/01,2024/01/31,NORTH CENTER,"0","57054167.85","0","5","5","0","0","31391.6697542"
41.94,-87.68,"4033","61","0",2023/02/01,2024/01/31,NORTH CENTER,"0","57054167.85","0","5","5","0","0","31391.6697542"
41.95,-87.69,"2780","96","0",2023/02/01,2024/01/31,NORTH CENTER,"0","57054167.85","0","5","5","0","0","31391.6697542"
41.95,-87.68,"3987","104","0",2023/02/02,2024/01/31,NORTH CENTER,"0","57054167.85","0","5","5","0","0","31391.6697542"
41.96,-87.69,"1505","34","0",2023/02/01,2024/01/31,NORTH CENTER,"0","57054167.85","0","5","5","0","0","31391.6697542"
41.96,-87.68,"3309","91","0",2023/02/01,2024/01/31,NORTH CENTER,"0","57054167.85","0","5","5","0","0","31391.6697542"
41.69,-87.61,"103","2","0",2023/02/01,2024/01/28,PULLMAN,"0","59001555.602","0","50","50","0","0","35572.0695077"
41.69,-87.6,"36","0","0",2023/02/12,2023/12/06,PULLMAN,"0","59001555.602","0","50","50","0","0","35572.0695077"
41.7,-87.6,"39","2","0",2023/02/01,2024/01/28,PULLMAN,"0","59001555.602","0","50","50","0","0","35572.0695077"
41.71,-87.6,"37","0","0",2023/02/06,2023/10/11,PULLMAN,"0","59001555.602","0","50","50","0","0","35572.0695077"
41.71,-87.59,"5","0","0",2023/06/25,2023/09/30,PULLMAN,"0","59001555.602","0","50","50","0","0","35572.0695077"
41.72,-87.6,"41","0","0",2023/02/07,2023/12/03,PULLMAN,"0","59001555.602","0","50","50","0","0","35572.0695077"
41.72,-87.59,"25","0","0",2023/04/10,2023/09/20,PULLMAN,"0","59001555.602","0","50","50","0","0","35572.0695077"
41.66,-87.57,"1","0","0",2023/08/17,2023/08/17,SOUTH DEERING,"0","303797059.66","0","51","51","0","0","80389.8718002"
41.66,-87.56,"5","0","0",2023/08/19,2023/08/19,SOUTH DEERING,"0","303797059.66","0","51","51","0","0","80389.8718002"
41.67,-87.56,"5","1","0",2023/02/28,2024/01/30,SOUTH DEERING,"0","303797059.66","0","51","51","0","0","80389.8718002"
41.69,-87.56,"1","0","0",2023/08/04,2023/08/04,SOUTH DEERING,"0","303797059.66","0","51","51","0","0","80389.8718002"
41.7,-87.59,"2","0","0",2023/11/21,2023/11/28,SOUTH DEERING,"0","303797059.66","0","51","51","0","0","80389.8718002"
41.7,-87.56,"3","0","0",2023/03/03,2023/12/12,SOUTH DEERING,"0","303797059.66","0","51","51","0","0","80389.8718002"
41.7,-87.55,"2","0","0",2023/07/28,2023/08/04,SOUTH DEERING,"0","303797059.66","0","51","51","0","0","80389.8718002"
41.71,-87.58,"3","0","0",2023/04/13,2023/08/07,SOUTH DEERING,"0","303797059.66","0","51","51","0","0","80389.8718002"
41.71,-87.57,"14","0","0",2023/05/12,2023/10/03,SOUTH DEERING,"0","303797059.66","0","51","51","0","0","80389.8718002"
41.71,-87.56,"3","0","0",2023/03/12,2023/08/07,SOUTH DEERING,"0","303797059.66","0","51","51","0","0","80389.8718002"
41.71,-87.55,"19","3","0",2023/06/18,2024/01/17,SOUTH DEERING,"0","303797059.66","0","51","51","0","0","80389.8718002"
41.72,-87.58,"43","0","0",2023/04/09,2023/11/05,SOUTH DEERING,"0","303797059.66","0","51","51","0","0","80389.8718002"
41.72,-87.57,"12","0","0",2023/05/17,2023/12/08,SOUTH DEERING,"0","303797059.66","0","51","51","0","0","80389.8718002"
41.72,-87.56,"4","0","0",2023/03/09,2023/08/26,SOUTH DEERING,"0","303797059.66","0","51","51","0","0","80389.8718002"
41.72,-87.55,"23","0","0",2023/05/28,2023/12/23,SOUTH DEERING,"0","303797059.66","0","51","51","0","0","80389.8718002"
41.69,-87.54,"12","0","0",2023/04/29,2023/11/24,EAST SIDE,"0","83241728.0493","0","52","52","0","0","52274.1928493"
41.7,-87.54,"46","1","0",2023/02/28,2024/01/01,EAST SIDE,"0","83241728.0493","0","52","52","0","0","52274.1928493"
41.7,-87.53,"29","0","0",2023/02/28,2023/11/10,EAST SIDE,"0","83241728.0493","0","52","52","0","0","52274.1928493"
41.71,-87.54,"14","0","0",2023/04/20,2023/11/22,EAST SIDE,"0","83241728.0493","0","52","52","0","0","52274.1928493"
41.71,-87.53,"6","0","0",2023/02/28,2023/10/17,EAST SIDE,"0","83241728.0493","0","52","52","0","0","52274.1928493"
41.72,-87.54,"25","0","0",2023/04/12,2023/10/19,EAST SIDE,"0","83241728.0493","0","52","52","0","0","52274.1928493"
41.72,-87.53,"9","0","0",2023/04/30,2023/11/18,EAST SIDE,"0","83241728.0493","0","52","52","0","0","52274.1928493"
41.66,-87.64,"16","0","0",2023/02/04,2023/09/25,WEST PULLMAN,"0","99365198.0822","0","53","53","0","0","50023.8430008"
41.67,-87.64,"22","0","0",2023/02/04,2023/10/10,WEST PULLMAN,"0","99365198.0822","0","53","53","0","0","50023.8430008"
41.67,-87.63,"9","0","0",2023/02/08,2023/11/29,WEST PULLMAN,"0","99365198.0822","0","53","53","0","0","50023.8430008"
41.67,-87.62,"52","0","0",2023/05/13,2023/12/21,WEST PULLMAN,"0","99365198.0822","0","53","53","0","0","50023.8430008"
41.68,-87.66,"49","2","0",2023/02/16,2024/01/11,WEST PULLMAN,"0","99365198.0822","0","53","53","0","0","50023.8430008"
41.68,-87.65,"22","0","0",2023/02/12,2023/10/07,WEST PULLMAN,"0","99365198.0822","0","53","53","0","0","50023.8430008"
41.68,-87.64,"63","1","0",2023/02/01,2024/01/04,WEST PULLMAN,"0","99365198.0822","0","53","53","0","0","50023.8430008"
41.68,-87.63,"15","0","0",2023/02/12,2023/08/21,WEST PULLMAN,"0","99365198.0822","0","53","53","0","0","50023.8430008"
41.68,-87.62,"35","0","0",2023/04/14,2023/12/13,WEST PULLMAN,"0","99365198.0822","0","53","53","0","0","50023.8430008"
41.65,-87.61,"2","0","0",2023/04/21,2023/06/03,RIVERDALE,"0","98389497.4143","0","54","54","0","0","46455.4408571"
41.65,-87.6,"17","0","0",2023/02/13,2023/08/22,RIVERDALE,"0","98389497.4143","0","54","54","0","0","46455.4408571"
41.66,-87.61,"2","0","0",2023/05/12,2023/09/03,RIVERDALE,"0","98389497.4143","0","54","54","0","0","46455.4408571"
41.66,-87.6,"34","0","0",2023/02/19,2023/09/04,RIVERDALE,"0","98389497.4143","0","54","54","0","0","46455.4408571"
41.65,-87.56,"3","0","0",2023/08/22,2023/09/08,HEGEWISCH,"0","145965741.437","0","55","55","0","0","73692.3821322"
41.65,-87.55,"20","3","0",2023/03/28,2024/01/12,HEGEWISCH,"0","145965741.437","0","55","55","0","0","73692.3821322"
41.65,-87.54,"21","2","0",2023/03/21,2024/01/22,HEGEWISCH,"0","145965741.437","0","55","55","0","0","73692.3821322"
41.65,-87.53,"17","0","0",2023/05/31,2023/12/06,HEGEWISCH,"0","145965741.437","0","55","55","0","0","73692.3821322"
41.66,-87.55,"35","1","0",2023/02/07,2024/01/08,HEGEWISCH,"0","145965741.437","0","55","55","0","0","73692.3821322"
41.66,-87.54,"5","0","0",2023/04/22,2023/10/10,HEGEWISCH,"0","145965741.437","0","55","55","0","0","73692.3821322"
41.67,-87.54,"4","0","0",2023/05/20,2023/08/29,HEGEWISCH,"0","145965741.437","0","55","55","0","0","73692.3821322"
41.68,-87.54,"13","0","0",2023/04/20,2023/10/28,HEGEWISCH,"0","145965741.437","0","55","55","0","0","73692.3821322"
41.68,-87.53,"1","0","0",2023/07/09,2023/07/09,HEGEWISCH,"0","145965741.437","0","55","55","0","0","73692.3821322"
41.69,-87.53,"9","0","0",2023/05/21,2023/10/27,HEGEWISCH,"0","145965741.437","0","55","55","0","0","73692.3821322"
41.79,-87.8,"81","2","0",2023/05/15,2024/01/25,GARFIELD RIDGE,"0","117890778.429","0","56","56","0","0","60080.4479704"
41.79,-87.79,"33","1","0",2023/05/04,2024/01/28,GARFIELD RIDGE,"0","117890778.429","0","56","56","0","0","60080.4479704"
41.79,-87.78,"31","1","0",2023/05/22,2024/01/11,GARFIELD RIDGE,"0","117890778.429","0","56","56","0","0","60080.4479704"
41.79,-87.77,"44","0","0",2023/05/12,2023/12/06,GARFIELD RIDGE,"0","117890778.429","0","56","56","0","0","60080.4479704"
41.79,-87.76,"23","0","0",2023/05/16,2023/12/07,GARFIELD RIDGE,"0","117890778.429","0","56","56","0","0","60080.4479704"
41.79,-87.75,"17","1","0",2023/05/28,2024/01/03,GARFIELD RIDGE,"0","117890778.429","0","56","56","0","0","60080.4479704"
41.79,-87.74,"352","6","0",2023/02/01,2024/01/26,GARFIELD RIDGE,"0","117890778.429","0","56","56","0","0","60080.4479704"
41.8,-87.76,"70","4","0",2023/05/03,2024/01/20,GARFIELD RIDGE,"0","117890778.429","0","56","56","0","0","60080.4479704"
41.8,-87.75,"52","1","0",2023/04/18,2024/01/23,GARFIELD RIDGE,"0","117890778.429","0","56","56","0","0","60080.4479704"
41.8,-87.74,"66","0","0",2023/02/07,2023/12/15,GARFIELD RIDGE,"0","117890778.429","0","56","56","0","0","60080.4479704"
41.81,-87.75,"9","0","0",2023/04/11,2023/09/30,GARFIELD RIDGE,"0","117890778.429","0","56","56","0","0","60080.4479704"
41.81,-87.74,"50","0","0",2023/02/08,2023/12/10,GARFIELD RIDGE,"0","117890778.429","0","56","56","0","0","60080.4479704"
41.82,-87.74,"2","0","0",2023/07/27,2023/08/02,GARFIELD RIDGE,"0","117890778.429","0","56","56","0","0","60080.4479704"
41.8,-87.73,"107","4","0",2023/02/02,2024/01/25,ARCHER HEIGHTS,"0","55922505.7212","0","57","57","0","0","31880.0210295"
41.81,-87.73,"196","0","0",2023/02/08,2023/12/09,ARCHER HEIGHTS,"0","55922505.7212","0","57","57","0","0","31880.0210295"
41.81,-87.72,"159","3","0",2023/02/08,2024/01/06,ARCHER HEIGHTS,"0","55922505.7212","0","57","57","0","0","31880.0210295"
41.82,-87.73,"34","0","0",2023/02/18,2023/11/28,ARCHER HEIGHTS,"0","55922505.7212","0","57","57","0","0","31880.0210295"
41.82,-87.72,"17","1","0",2023/03/30,2024/01/05,ARCHER HEIGHTS,"0","55922505.7212","0","57","57","0","0","31880.0210295"
41.81,-87.71,"106","5","0",2023/02/09,2024/01/26,BRIGHTON PARK,"0","75892790.3114","0","58","58","0","0","36537.1343061"
41.81,-87.7,"400","4","0",2023/02/18,2024/01/08,BRIGHTON PARK,"0","75892790.3114","0","58","58","0","0","36537.1343061"
41.81,-87.69,"170","5","0",2023/02/05,2024/01/31,BRIGHTON PARK,"0","75892790.3114","0","58","58","0","0","36537.1343061"
41.82,-87.71,"39","0","0",2023/02/12,2023/10/01,BRIGHTON PARK,"0","75892790.3114","0","58","58","0","0","36537.1343061"
41.82,-87.7,"232","3","0",2023/02/01,2024/01/31,BRIGHTON PARK,"0","75892790.3114","0","58","58","0","0","36537.1343061"
41.82,-87.69,"697","15","0",2023/02/03,2024/01/31,BRIGHTON PARK,"0","75892790.3114","0","58","58","0","0","36537.1343061"
41.83,-87.7,"74","0","0",2023/02/21,2023/12/21,BRIGHTON PARK,"0","75892790.3114","0","58","58","0","0","36537.1343061"
41.83,-87.69,"84","1","0",2023/02/06,2024/01/27,BRIGHTON PARK,"0","75892790.3114","0","58","58","0","0","36537.1343061"
41.83,-87.65,"842","14","0",2023/02/01,2024/01/30,BRIDGEPORT,"0","58291519.2767","0","60","60","0","0","32732.7183268"
41.83,-87.64,"522","7","0",2023/02/01,2024/01/30,BRIDGEPORT,"0","58291519.2767","0","60","60","0","0","32732.7183268"
41.84,-87.66,"751","19","0",2023/02/01,2024/01/31,BRIDGEPORT,"0","58291519.2767","0","60","60","0","0","32732.7183268"
41.84,-87.65,"1440","26","0",2023/02/01,2024/01/30,BRIDGEPORT,"0","58291519.2767","0","60","60","0","0","32732.7183268"
41.84,-87.64,"979","12","0",2023/02/01,2024/01/29,BRIDGEPORT,"0","58291519.2767","0","60","60","0","0","32732.7183268"
41.8,-87.67,"99","2","0",2023/02/06,2024/01/23,NEW CITY,"0","134636963.254","0","61","61","0","0","48133.595961"
41.8,-87.66,"104","4","0",2023/02/17,2024/01/29,NEW CITY,"0","134636963.254","0","61","61","0","0","48133.595961"
41.8,-87.65,"40","0","0",2023/03/10,2023/11/01,NEW CITY,"0","134636963.254","0","61","61","0","0","48133.595961"
41.8,-87.64,"63","1","0",2023/02/08,2024/01/28,NEW CITY,"0","134636963.254","0","61","61","0","0","48133.595961"
41.81,-87.68,"341","4","0",2023/02/02,2024/01/31,NEW CITY,"0","134636963.254","0","61","61","0","0","48133.595961"
41.81,-87.67,"196","2","0",2023/02/04,2024/01/30,NEW CITY,"0","134636963.254","0","61","61","0","0","48133.595961"
41.81,-87.66,"105","3","0",2023/02/10,2024/01/22,NEW CITY,"0","134636963.254","0","61","61","0","0","48133.595961"
41.81,-87.65,"23","1","0",2023/03/13,2024/01/05,NEW CITY,"0","134636963.254","0","61","61","0","0","48133.595961"
41.81,-87.64,"88","0","0",2023/03/01,2023/12/15,NEW CITY,"0","134636963.254","0","61","61","0","0","48133.595961"
41.82,-87.68,"153","0","0",2023/02/22,2023/12/21,NEW CITY,"0","134636963.254","0","61","61","0","0","48133.595961"
41.82,-87.67,"83","3","0",2023/02/04,2024/01/10,NEW CITY,"0","134636963.254","0","61","61","0","0","48133.595961"
41.82,-87.66,"12","0","0",2023/05/19,2023/11/12,NEW CITY,"0","134636963.254","0","61","61","0","0","48133.595961"
41.82,-87.65,"26","2","0",2023/03/17,2024/01/12,NEW CITY,"0","134636963.254","0","61","61","0","0","48133.595961"
41.82,-87.64,"122","1","0",2023/02/02,2024/01/11,NEW CITY,"0","134636963.254","0","61","61","0","0","48133.595961"
41.79,-87.73,"142","0","0",2023/02/02,2023/12/02,WEST ELSDON,"0","32711091.4259","0","62","62","0","0","26229.6956007"
41.79,-87.72,"279","3","0",2023/02/08,2024/01/30,WEST ELSDON,"0","32711091.4259","0","62","62","0","0","26229.6956007"
41.8,-87.72,"330","5","0",2023/02/07,2024/01/25,WEST ELSDON,"0","32711091.4259","0","62","62","0","0","26229.6956007"
41.79,-87.71,"248","4","0",2023/02/01,2024/01/24,GAGE PARK,"0","61284896.1132","0","63","63","0","0","32294.1959107"
41.79,-87.7,"501","13","0",2023/02/01,2024/01/28,GAGE PARK,"0","61284896.1132","0","63","63","0","0","32294.1959107"
41.79,-87.69,"134","5","0",2023/02/01,2024/01/20,GAGE PARK,"0","61284896.1132","0","63","63","0","0","32294.1959107"
41.79,-87.68,"66","0","0",2023/02/07,2023/12/28,GAGE PARK,"0","61284896.1132","0","63","63","0","0","32294.1959107"
41.8,-87.71,"163","4","0",2023/02/11,2024/01/26,GAGE PARK,"0","61284896.1132","0","63","63","0","0","32294.1959107"
41.8,-87.7,"158","5","0",2023/02/02,2024/01/31,GAGE PARK,"0","61284896.1132","0","63","63","0","0","32294.1959107"
41.8,-87.69,"245","2","0",2023/02/01,2024/01/25,GAGE PARK,"0","61284896.1132","0","63","63","0","0","32294.1959107"
41.8,-87.68,"106","0","0",2023/02/08,2023/12/28,GAGE PARK,"0","61284896.1132","0","63","63","0","0","32294.1959107"
41.78,-87.8,"23","0","0",2023/05/10,2023/11/29,CLEARING,"0","71145192.3827","0","64","64","0","0","45363.2861749"
41.78,-87.79,"47","0","0",2023/05/12,2023/12/12,CLEARING,"0","71145192.3827","0","64","64","0","0","45363.2861749"
41.78,-87.78,"93","0","0",2023/05/06,2023/11/22,CLEARING,"0","71145192.3827","0","64","64","0","0","45363.2861749"
41.78,-87.77,"91","1","0",2023/05/12,2024/01/20,CLEARING,"0","71145192.3827","0","64","64","0","0","45363.2861749"
41.78,-87.76,"39","0","0",2023/05/06,2023/12/31,CLEARING,"0","71145192.3827","0","64","64","0","0","45363.2861749"
41.78,-87.75,"61","0","0",2023/05/27,2023/11/29,CLEARING,"0","71145192.3827","0","64","64","0","0","45363.2861749"
41.78,-87.74,"82","2","0",2023/02/23,2024/01/22,CLEARING,"0","71145192.3827","0","64","64","0","0","45363.2861749"
41.76,-87.74,"45","0","0",2023/05/12,2023/12/08,WEST LAWN,"0","82315301.6831","0","65","65","0","0","41934.4901309"
41.76,-87.73,"8","0","0",2023/06/22,2023/11/26,WEST LAWN,"0","82315301.6831","0","65","65","0","0","41934.4901309"
41.77,-87.74,"59","0","0",2023/03/19,2023/12/01,WEST LAWN,"0","82315301.6831","0","65","65","0","0","41934.4901309"
41.77,-87.73,"88","0","0",2023/02/11,2023/12/27,WEST LAWN,"0","82315301.6831","0","65","65","0","0","41934.4901309"
41.77,-87.72,"98","6","0",2023/02/12,2024/01/30,WEST LAWN,"0","82315301.6831","0","65","65","0","0","41934.4901309"
41.78,-87.73,"273","9","0",2023/02/04,2024/01/31,WEST LAWN,"0","82315301.6831","0","65","65","0","0","41934.4901309"
41.78,-87.72,"220","3","0",2023/02/01,2024/01/31,WEST LAWN,"0","82315301.6831","0","65","65","0","0","41934.4901309"
41.76,-87.71,"42","1","0",2023/06/12,2024/01/04,CHICAGO LAWN,"0","98279465.1151","0","66","66","0","0","40073.0998382"
41.76,-87.7,"33","0","0",2023/05/13,2023/10/02,CHICAGO LAWN,"0","98279465.1151","0","66","66","0","0","40073.0998382"
41.76,-87.69,"16","0","0",2023/06/09,2023/10/09,CHICAGO LAWN,"0","98279465.1151","0","66","66","0","0","40073.0998382"
41.76,-87.68,"39","0","0",2023/02/20,2023/11/12,CHICAGO LAWN,"0","98279465.1151","0","66","66","0","0","40073.0998382"
41.77,-87.71,"26","0","0",2023/02/01,2023/10/16,CHICAGO LAWN,"0","98279465.1151","0","66","66","0","0","40073.0998382"
41.77,-87.7,"111","1","0",2023/02/08,2024/01/30,CHICAGO LAWN,"0","98279465.1151","0","66","66","0","0","40073.0998382"
41.77,-87.69,"88","0","0",2023/02/07,2023/12/21,CHICAGO LAWN,"0","98279465.1151","0","66","66","0","0","40073.0998382"
41.77,-87.68,"53","0","0",2023/02/06,2023/11/22,CHICAGO LAWN,"0","98279465.1151","0","66","66","0","0","40073.0998382"
41.78,-87.71,"150","0","0",2023/02/02,2023/12/17,CHICAGO LAWN,"0","98279465.1151","0","66","66","0","0","40073.0998382"
41.78,-87.7,"391","2","0",2023/02/04,2024/01/23,CHICAGO LAWN,"0","98279465.1151","0","66","66","0","0","40073.0998382"
41.78,-87.69,"100","1","0",2023/02/11,2024/01/08,CHICAGO LAWN,"0","98279465.1151","0","66","66","0","0","40073.0998382"
41.78,-87.68,"51","4","0",2023/03/21,2024/01/13,CHICAGO LAWN,"0","98279465.1151","0","66","66","0","0","40073.0998382"
41.76,-87.67,"18","0","0",2023/02/16,2023/12/18,WEST ENGLEWOOD,"0","87947691.9478","0","67","67","0","0","40195.2033069"
41.76,-87.66,"38","0","0",2023/02/09,2023/12/27,WEST ENGLEWOOD,"0","87947691.9478","0","67","67","0","0","40195.2033069"
41.77,-87.67,"55","0","0",2023/02/07,2023/12/04,WEST ENGLEWOOD,"0","87947691.9478","0","67","67","0","0","40195.2033069"
41.77,-87.66,"154","3","0",2023/02/15,2024/01/08,WEST ENGLEWOOD,"0","87947691.9478","0","67","67","0","0","40195.2033069"
41.78,-87.67,"208","5","0",2023/03/17,2024/01/04,WEST ENGLEWOOD,"0","87947691.9478","0","67","67","0","0","40195.2033069"
41.78,-87.66,"83","2","0",2023/02/07,2024/01/25,WEST ENGLEWOOD,"0","87947691.9478","0","67","67","0","0","40195.2033069"
41.79,-87.67,"21","0","0",2023/02/14,2023/09/16,WEST ENGLEWOOD,"0","87947691.9478","0","67","67","0","0","40195.2033069"
41.79,-87.66,"52","0","0",2023/02/20,2023/12/23,WEST ENGLEWOOD,"0","87947691.9478","0","67","67","0","0","40195.2033069"
41.76,-87.65,"48","1","0",2023/02/13,2024/01/13,ENGLEWOOD,"0","85652323.0826","0","68","68","0","0","42316.8442973"
41.76,-87.64,"50","2","0",2023/02/12,2024/01/05,ENGLEWOOD,"0","85652323.0826","0","68","68","0","0","42316.8442973"
41.77,-87.65,"319","21","0",2023/02/04,2024/01/30,ENGLEWOOD,"0","85652323.0826","0","68","68","0","0","42316.8442973"
41.77,-87.64,"322","17","0",2023/02/09,2024/01/31,ENGLEWOOD,"0","85652323.0826","0","68","68","0","0","42316.8442973"
41.78,-87.65,"46","0","0",2023/02/04,2023/10/17,ENGLEWOOD,"0","85652323.0826","0","68","68","0","0","42316.8442973"
41.78,-87.64,"49","0","0",2023/02/25,2023/12/21,ENGLEWOOD,"0","85652323.0826","0","68","68","0","0","42316.8442973"
41.78,-87.63,"28","0","0",2023/04/08,2023/11/26,ENGLEWOOD,"0","85652323.0826","0","68","68","0","0","42316.8442973"
41.79,-87.65,"40","1","0",2023/02/12,2024/01/04,ENGLEWOOD,"0","85652323.0826","0","68","68","0","0","42316.8442973"
41.79,-87.64,"16","0","0",2023/04/28,2023/11/23,ENGLEWOOD,"0","85652323.0826","0","68","68","0","0","42316.8442973"
41.79,-87.63,"177","7","0",2023/02/08,2024/01/28,ENGLEWOOD,"0","85652323.0826","0","68","68","0","0","42316.8442973"
41.76,-87.63,"32","0","0",2023/02/14,2023/12/14,GREATER GRAND CROSSING,"0","98853167.7093","0","69","69","0","0","54645.3302996"
41.76,-87.62,"31","0","0",2023/02/05,2023/12/01,GREATER GRAND CROSSING,"0","98853167.7093","0","69","69","0","0","54645.3302996"
41.76,-87.61,"52","1","0",2023/02/12,2024/01/18,GREATER GRAND CROSSING,"0","98853167.7093","0","69","69","0","0","54645.3302996"
41.76,-87.6,"24","0","0",2023/02/18,2023/12/30,GREATER GRAND CROSSING,"0","98853167.7093","0","69","69","0","0","54645.3302996"
41.77,-87.63,"458","23","0",2023/02/08,2024/01/31,GREATER GRAND CROSSING,"0","98853167.7093","0","69","69","0","0","54645.3302996"
41.77,-87.62,"112","2","0",2023/03/04,2024/01/30,GREATER GRAND CROSSING,"0","98853167.7093","0","69","69","0","0","54645.3302996"
41.77,-87.6,"49","0","0",2023/02/04,2023/11/25,GREATER GRAND CROSSING,"0","98853167.7093","0","69","69","0","0","54645.3302996"
41.78,-87.62,"103","2","0",2023/02/07,2024/01/24,GREATER GRAND CROSSING,"0","98853167.7093","0","69","69","0","0","54645.3302996"
41.92,-87.66,"6190","173","0",2023/02/01,2024/01/31,LINCOLN PARK,"0","88316400.4728","0","7","7","0","0","49478.4277714"
41.92,-87.65,"15356","311","0",2023/02/01,2024/01/31,LINCOLN PARK,"0","88316400.4728","0","7","7","0","0","49478.4277714"
41.92,-87.64,"10465","122","0",2023/02/01,2024/01/31,LINCOLN PARK,"0","88316400.4728","0","7","7","0","0","49478.4277714"
41.92,-87.63,"10440","34","0",2023/02/05,2024/01/31,LINCOLN PARK,"0","88316400.4728","0","7","7","0","0","49478.4277714"
41.93,-87.68,"5185","123","0",2023/02/01,2024/01/31,LINCOLN PARK,"0","88316400.4728","0","7","7","0","0","49478.4277714"
41.93,-87.67,"5302","124","0",2023/02/01,2024/01/31,LINCOLN PARK,"0","88316400.4728","0","7","7","0","0","49478.4277714"
41.93,-87.66,"8807","231","1",2023/02/01,2024/01/31,LINCOLN PARK,"0","88316400.4728","0","7","7","0","0","49478.4277714"
41.93,-87.65,"17988","395","0",2023/02/01,2024/01/31,LINCOLN PARK,"0","88316400.4728","0","7","7","0","0","49478.4277714"
41.93,-87.64,"16997","279","0",2023/02/01,2024/01/31,LINCOLN PARK,"0","88316400.4728","0","7","7","0","0","49478.4277714"
41.74,-87.74,"21","0","0",2023/06/04,2023/12/06,ASHBURN,"0","135460337.208","0","70","70","0","0","54818.1546317"
41.74,-87.73,"7","0","0",2023/06/05,2023/10/05,ASHBURN,"0","135460337.208","0","70","70","0","0","54818.1546317"
41.74,-87.72,"20","3","0",2023/06/05,2024/01/08,ASHBURN,"0","135460337.208","0","70","70","0","0","54818.1546317"
41.74,-87.71,"8","2","0",2023/05/10,2024/01/05,ASHBURN,"0","135460337.208","0","70","70","0","0","54818.1546317"
41.74,-87.7,"17","3","0",2023/05/16,2024/01/05,ASHBURN,"0","135460337.208","0","70","70","0","0","54818.1546317"
41.74,-87.69,"12","0","0",2023/05/22,2023/11/04,ASHBURN,"0","135460337.208","0","70","70","0","0","54818.1546317"
41.74,-87.68,"70","0","0",2023/02/03,2023/11/13,ASHBURN,"0","135460337.208","0","70","70","0","0","54818.1546317"
41.75,-87.74,"39","0","0",2023/06/10,2023/12/25,ASHBURN,"0","135460337.208","0","70","70","0","0","54818.1546317"
41.75,-87.73,"22","0","0",2023/05/28,2023/10/25,ASHBURN,"0","135460337.208","0","70","70","0","0","54818.1546317"
41.75,-87.72,"43","0","0",2023/05/17,2023/11/24,ASHBURN,"0","135460337.208","0","70","70","0","0","54818.1546317"
41.75,-87.71,"28","0","0",2023/06/08,2023/12/04,ASHBURN,"0","135460337.208","0","70","70","0","0","54818.1546317"
41.75,-87.7,"10","0","0",2023/05/16,2023/10/21,ASHBURN,"0","135460337.208","0","70","70","0","0","54818.1546317"
41.75,-87.69,"10","0","0",2023/07/23,2023/12/19,ASHBURN,"0","135460337.208","0","70","70","0","0","54818.1546317"
41.75,-87.68,"27","0","0",2023/02/12,2023/11/04,ASHBURN,"0","135460337.208","0","70","70","0","0","54818.1546317"
41.76,-87.72,"12","0","0",2023/05/03,2023/12/31,ASHBURN,"0","135460337.208","0","70","70","0","0","54818.1546317"
41.73,-87.64,"38","0","0",2023/04/21,2023/12/15,AUBURN GRESHAM,"0","105065353.602","0","71","71","0","0","46757.7217161"
41.74,-87.67,"16","0","0",2023/05/11,2023/12/13,AUBURN GRESHAM,"0","105065353.602","0","71","71","0","0","46757.7217161"
41.74,-87.66,"43","0","0",2023/02/09,2023/12/17,AUBURN GRESHAM,"0","105065353.602","0","71","71","0","0","46757.7217161"
41.74,-87.65,"32","0","0",2023/04/20,2023/11/16,AUBURN GRESHAM,"0","105065353.602","0","71","71","0","0","46757.7217161"
41.74,-87.64,"29","0","0",2023/04/28,2023/12/15,AUBURN GRESHAM,"0","105065353.602","0","71","71","0","0","46757.7217161"
41.75,-87.67,"78","2","0",2023/02/05,2024/01/28,AUBURN GRESHAM,"0","105065353.602","0","71","71","0","0","46757.7217161"
41.75,-87.66,"63","1","0",2023/02/05,2024/01/08,AUBURN GRESHAM,"0","105065353.602","0","71","71","0","0","46757.7217161"
41.75,-87.65,"39","0","0",2023/03/07,2023/10/28,AUBURN GRESHAM,"0","105065353.602","0","71","71","0","0","46757.7217161"
41.75,-87.64,"35","0","0",2023/02/14,2023/11/24,AUBURN GRESHAM,"0","105065353.602","0","71","71","0","0","46757.7217161"
41.7,-87.69,"48","0","0",2023/04/02,2023/12/24,BEVERLY,"0","88779363.9384","0","72","72","0","0","44591.4851009"
41.7,-87.68,"88","1","0",2023/02/07,2024/01/28,BEVERLY,"0","88779363.9384","0","72","72","0","0","44591.4851009"
41.7,-87.67,"74","3","0",2023/02/02,2024/01/28,BEVERLY,"0","88779363.9384","0","72","72","0","0","44591.4851009"
41.7,-87.66,"103","0","0",2023/02/08,2023/12/14,BEVERLY,"0","88779363.9384","0","72","72","0","0","44591.4851009"
41.71,-87.69,"52","0","0",2023/02/07,2023/12/06,BEVERLY,"0","88779363.9384","0","72","72","0","0","44591.4851009"
41.71,-87.68,"145","3","0",2023/02/04,2024/01/27,BEVERLY,"0","88779363.9384","0","72","72","0","0","44591.4851009"
41.71,-87.67,"124","3","0",2023/02/01,2024/01/28,BEVERLY,"0","88779363.9384","0","72","72","0","0","44591.4851009"
41.71,-87.66,"17","0","0",2023/02/09,2023/10/24,BEVERLY,"0","88779363.9384","0","72","72","0","0","44591.4851009"
41.72,-87.68,"236","6","0",2023/02/01,2024/01/07,BEVERLY,"0","88779363.9384","0","72","72","0","0","44591.4851009"
41.72,-87.67,"83","1","0",2023/02/02,2024/01/01,BEVERLY,"0","88779363.9384","0","72","72","0","0","44591.4851009"
41.73,-87.68,"35","0","0",2023/02/28,2023/12/07,BEVERLY,"0","88779363.9384","0","72","72","0","0","44591.4851009"
41.73,-87.67,"42","0","0",2023/02/17,2023/12/14,BEVERLY,"0","88779363.9384","0","72","72","0","0","44591.4851009"
41.7,-87.65,"30","1","0",2023/02/07,2024/01/31,WASHINGTON HEIGHTS,"0","79635752.8769","0","73","73","0","0","42222.598163"
41.71,-87.65,"35","0","0",2023/02/01,2023/12/15,WASHINGTON HEIGHTS,"0","79635752.8769","0","73","73","0","0","42222.598163"
41.71,-87.64,"27","0","0",2023/02/07,2023/10/11,WASHINGTON HEIGHTS,"0","79635752.8769","0","73","73","0","0","42222.598163"
41.72,-87.66,"174","4","0",2023/02/01,2024/01/31,WASHINGTON HEIGHTS,"0","79635752.8769","0","73","73","0","0","42222.598163"
41.72,-87.65,"48","0","0",2023/02/04,2023/11/25,WASHINGTON HEIGHTS,"0","79635752.8769","0","73","73","0","0","42222.598163"
41.72,-87.64,"45","2","0",2023/02/11,2024/01/10,WASHINGTON HEIGHTS,"0","79635752.8769","0","73","73","0","0","42222.598163"
41.73,-87.66,"40","0","0",2023/02/17,2023/12/27,WASHINGTON HEIGHTS,"0","79635752.8769","0","73","73","0","0","42222.598163"
41.73,-87.65,"15","0","0",2023/02/11,2023/09/14,WASHINGTON HEIGHTS,"0","79635752.8769","0","73","73","0","0","42222.598163"
41.69,-87.73,"1","0","0",2023/08/19,2023/08/19,MOUNT GREENWOOD,"0","75584290.0209","0","74","74","0","0","48665.1305392"
41.69,-87.72,"11","0","0",2023/03/01,2023/08/25,MOUNT GREENWOOD,"0","75584290.0209","0","74","74","0","0","48665.1305392"
41.69,-87.71,"21","0","0",2023/02/19,2023/09/21,MOUNT GREENWOOD,"0","75584290.0209","0","74","74","0","0","48665.1305392"
41.69,-87.7,"17","0","0",2023/03/21,2023/11/08,MOUNT GREENWOOD,"0","75584290.0209","0","74","74","0","0","48665.1305392"
41.7,-87.72,"10","0","0",2023/06/23,2023/12/06,MOUNT GREENWOOD,"0","75584290.0209","0","74","74","0","0","48665.1305392"
41.7,-87.71,"27","0","0",2023/04/14,2023/10/08,MOUNT GREENWOOD,"0","75584290.0209","0","74","74","0","0","48665.1305392"
41.7,-87.7,"13","0","0",2023/04/11,2023/10/06,MOUNT GREENWOOD,"0","75584290.0209","0","74","74","0","0","48665.1305392"
41.71,-87.72,"55","0","0",2023/05/26,2023/12/03,MOUNT GREENWOOD,"0","75584290.0209","0","74","74","0","0","48665.1305392"
41.68,-87.68,"20","0","0",2023/03/17,2023/12/24,MORGAN PARK,"0","91877340.6988","0","75","75","0","0","46396.419362"
41.68,-87.67,"6","0","0",2023/03/16,2023/11/07,MORGAN PARK,"0","91877340.6988","0","75","75","0","0","46396.419362"
41.69,-87.69,"75","1","0",2023/02/07,2024/01/27,MORGAN PARK,"0","91877340.6988","0","75","75","0","0","46396.419362"
41.69,-87.68,"76","1","0",2023/02/01,2024/01/05,MORGAN PARK,"0","91877340.6988","0","75","75","0","0","46396.419362"
41.69,-87.67,"42","0","0",2023/02/08,2023/12/20,MORGAN PARK,"0","91877340.6988","0","75","75","0","0","46396.419362"
41.69,-87.66,"12","0","0",2023/02/05,2023/12/17,MORGAN PARK,"0","91877340.6988","0","75","75","0","0","46396.419362"
41.69,-87.65,"23","0","0",2023/02/19,2023/12/13,MORGAN PARK,"0","91877340.6988","0","75","75","0","0","46396.419362"
41.94,-87.84,"2","0","0",2023/05/13,2023/05/13,OHARE,"0","371835607.687","0","76","76","0","0","173625.98466"
41.95,-87.84,"11","0","0",2023/02/15,2023/09/24,OHARE,"0","371835607.687","0","76","76","0","0","173625.98466"
41.96,-87.92,"1","0","0",2023/07/08,2023/07/08,OHARE,"0","371835607.687","0","76","76","0","0","173625.98466"
41.96,-87.85,"1","0","0",2023/06/07,2023/06/07,OHARE,"0","371835607.687","0","76","76","0","0","173625.98466"
41.96,-87.84,"34","0","0",2023/05/06,2023/11/10,OHARE,"0","371835607.687","0","76","76","0","0","173625.98466"
41.97,-87.85,"17","0","0",2023/05/10,2023/12/18,OHARE,"0","371835607.687","0","76","76","0","0","173625.98466"
41.98,-87.85,"12","0","0",2023/06/04,2023/11/22,OHARE,"0","371835607.687","0","76","76","0","0","173625.98466"
41.98,-87.84,"152","2","0",2023/05/03,2024/01/03,OHARE,"0","371835607.687","0","76","76","0","0","173625.98466"
41.98,-87.67,"7564","158","1",2023/02/01,2024/01/31,EDGEWATER,"0","48449990.8397","0","77","77","0","0","31004.8309456"
41.98,-87.66,"5784","177","2",2023/02/01,2024/01/31,EDGEWATER,"0","48449990.8397","0","77","77","0","0","31004.8309456"
41.99,-87.67,"3639","104","0",2023/02/01,2024/01/31,EDGEWATER,"0","48449990.8397","0","77","77","0","0","31004.8309456"
41.99,-87.66,"4913","123","0",2023/02/01,2024/01/31,EDGEWATER,"0","48449990.8397","0","77","77","0","0","31004.8309456"
42,-87.82,"33","0","0",2023/05/07,2023/12/07,EDISON PARK,"0","31636313.7864","0","9","9","0","0","25937.226841"
42,-87.81,"18","0","0",2023/05/25,2023/12/22,EDISON PARK,"0","31636313.7864","0","9","9","0","0","25937.226841"
42.01,-87.82,"2","0","0",2023/05/13,2023/06/05,EDISON PARK,"0","31636313.7864","0","9","9","0","0","25937.226841"
42.01,-87.81,"4","0","0",2023/05/20,2023/11/06,EDISON PARK,"0","31636313.7864","0","9","9","0","0","25937.226841"
41.63,-87.46,"1","0","0",2023/08/10,2023/08/10,,,,,,,,,
41.64,-87.54,"2","0","0",2023/06/30,2023/10/30,,,,,,,,,
41.65,-87.62,"1","0","0",2023/06/18,2023/06/18,,,,,,,,,
41.66,-87.62,"5","0","0",2023/04/14,2023/12/17,,,,,,,,,
41.67,-87.66,"4","0","0",2023/07/21,2023/08/04,,,,,,,,,
41.68,-87.72,"8","0","0",2023/09/01,2023/09/01,,,,,,,,,
41.68,-87.71,"6","0","0",2023/06/04,2023/11/12,,,,,,,,,
41.68,-87.7,"8","0","0",2023/02/19,2023/06/29,,,,,,,,,
41.68,-87.69,"1","0","0",2023/06/26,2023/06/26,,,,,,,,,
41.69,-87.52,"2","0","0",2023/10/07,2023/10/14,,,,,,,,,
41.7,-87.52,"5","0","0",2023/04/19,2023/08/29,,,,,,,,,
41.71,-87.71,"47","0","0",2023/02/05,2023/09/22,,,,,,,,,
41.71,-87.7,"19","0","0",2023/02/05,2023/09/03,,,,,,,,,
41.72,-87.69,"8","0","0",2023/04/26,2023/12/01,,,,,,,,,
41.73,-87.74,"23","0","0",2023/06/05,2023/08/04,,,,,,,,,
41.73,-87.73,"1","0","0",2023/08/11,2023/08/11,,,,,,,,,
41.73,-87.72,"1","1","0",2024/01/02,2024/01/02,,,,,,,,,
41.73,-87.7,"2","0","0",2023/08/04,2023/08/19,,,,,,,,,
41.73,-87.69,"1","0","0",2023/10/06,2023/10/06,,,,,,,,,
41.75,-87.75,"1","0","0",2023/11/07,2023/11/07,,,,,,,,,
41.75,-87.53,"1","0","0",2023/06/03,2023/06/03,,,,,,,,,
41.76,-87.79,"1","0","0",2023/08/04,2023/08/04,,,,,,,,,
41.76,-87.75,"2","0","0",2023/07/05,2023/12/27,,,,,,,,,
41.76,-87.55,"31","0","0",2023/02/26,2023/12/28,,,,,,,,,
41.77,-87.8,"6","0","0",2023/05/23,2023/09/01,,,,,,,,,
41.77,-87.79,"8","0","0",2023/06/08,2023/10/22,,,,,,,,,
41.77,-87.78,"7","0","0",2023/05/19,2023/11/15,,,,,,,,,
41.77,-87.77,"2","0","0",2023/09/30,2023/10/07,,,,,,,,,
41.77,-87.76,"5","0","0",2023/06/21,2023/09/25,,,,,,,,,
41.77,-87.75,"18","0","0",2023/05/20,2023/10/01,,,,,,,,,
41.77,-87.56,"46","1","0",2023/04/10,2024/01/02,,,,,,,,,
41.78,-87.57,"250","3","0",2023/02/07,2024/01/18,,,,,,,,,
41.8,-87.8,"7","3","0",2023/05/13,2024/01/30,,,,,,,,,
41.8,-87.79,"20","0","0",2023/05/21,2023/12/20,,,,,,,,,
41.8,-87.78,"9","0","0",2023/06/01,2023/12/05,,,,,,,,,
41.8,-87.77,"6","0","0",2023/06/08,2023/10/13,,,,,,,,,
41.8,-87.58,"1519","29","0",2023/02/01,2024/01/31,,,,,,,,,
41.81,-87.58,"40","0","0",2023/02/12,2023/10/01,,,,,,,,,
41.82,-87.59,"48","0","0",2023/04/10,2023/11/05,,,,,,,,,
41.83,-87.6,"217","0","0",2023/02/05,2023/12/23,,,,,,,,,
41.84,-87.74,"19","0","0",2023/02/05,2023/10/05,,,,,,,,,
41.84,-87.6,"47","0","0",2023/02/19,2023/12/24,,,,,,,,,
41.85,-87.76,"1","0","0",2023/07/31,2023/07/31,,,,,,,,,
41.85,-87.74,"41","0","0",2023/04/07,2023/11/23,,,,,,,,,
41.86,-87.75,"1","0","0",2023/10/11,2023/10/11,,,,,,,,,
41.86,-87.74,"36","0","0",2023/05/22,2023/11/25,,,,,,,,,
41.87,-87.78,"1","0","0",2023/08/19,2023/08/19,,,,,,,,,
41.87,-87.61,"2169","3","0",2023/02/10,2024/01/30,,,,,,,,,
41.88,-87.78,"3","0","0",2023/04/04,2023/11/06,,,,,,,,,
41.88,-87.61,"828","7","0",2023/02/06,2024/01/30,,,,,,,,,
41.89,-87.79,"1","0","0",2023/07/27,2023/07/27,,,,,,,,,
41.89,-87.78,"14","0","0",2023/04/12,2023/12/26,,,,,,,,,
41.89,-87.6,"280","12","0",2023/02/12,2024/01/28,,,,,,,,,
41.9,-87.78,"25","0","0",2023/02/19,2023/11/16,,,,,,,,,
41.9,-87.61,"67","0","0",2023/02/01,2023/11/19,,,,,,,,,
41.91,-87.85,"1","0","0",2023/08/08,2023/08/08,,,,,,,,,
41.91,-87.81,"19","1","0",2023/02/26,2024/01/04,,,,,,,,,
41.91,-87.62,"6235","1","0",2023/02/04,2024/01/18,,,,,,,,,
41.92,-87.81,"72","3","0",2023/02/13,2024/01/02,,,,,,,,,
41.93,-87.83,"1","0","0",2023/07/29,2023/07/29,,,,,,,,,
41.93,-87.82,"1","0","0",2023/07/30,2023/07/30,,,,,,,,,
41.93,-87.81,"256","3","0",2023/02/03,2024/01/11,,,,,,,,,
41.93,-87.63,"5888","12","0",2023/02/04,2024/01/27,,,,,,,,,
41.94,-87.63,"1717","6","0",2023/02/04,2024/01/30,,,,,,,,,
41.95,-87.86,"1","0","0",2023/08/01,2023/08/01,,,,,,,,,
41.96,-87.94,"2","0","0",2023/09/29,2023/11/15,,,,,,,,,
41.96,-87.82,"1","0","0",2023/08/04,2023/08/04,,,,,,,,,
41.96,-87.81,"11","0","0",2023/04/06,2023/11/10,,,,,,,,,
41.96,-87.8,"6","0","0",2023/04/07,2023/09/11,,,,,,,,,
41.96,-87.63,"1894","3","0",2023/02/10,2024/01/27,,,,,,,,,
41.97,-87.87,"2","0","0",2023/06/23,2023/06/26,,,,,,,,,
41.97,-87.86,"4","0","0",2023/06/23,2023/10/21,,,,,,,,,
41.97,-87.84,"121","1","0",2023/05/05,2024/01/07,,,,,,,,,
41.97,-87.83,"2","0","0",2023/09/24,2023/09/25,,,,,,,,,
41.97,-87.82,"2","0","0",2023/07/27,2023/07/27,,,,,,,,,
41.97,-87.81,"63","1","0",2023/05/05,2024/01/04,,,,,,,,,
41.97,-87.64,"1772","2","0",2023/02/02,2024/01/29,,,,,,,,,
41.97,-87.63,"27","0","0",2023/02/19,2023/12/24,,,,,,,,,
41.98,-87.87,"2","0","0",2023/05/30,2023/07/01,,,,,,,,,
41.98,-87.86,"7","0","0",2023/05/24,2023/09/22,,,,,,,,,
41.98,-87.65,"4520","32","0",2023/02/01,2024/01/31,,,,,,,,,
41.99,-87.85,"1","0","0",2023/07/24,2023/07/24,,,,,,,,,
41.99,-87.84,"7","0","0",2023/06/05,2023/12/26,,,,,,,,,
41.99,-87.83,"1","0","0",2023/10/24,2023/10/24,,,,,,,,,
41.99,-87.65,"1327","1","0",2023/02/19,2024/01/31,,,,,,,,,
42,-87.75,"8","0","0",2023/05/15,2023/10/07,,,,,,,,,
42,-87.74,"3","0","0",2023/08/12,2023/08/16,,,,,,,,,
42,-87.73,"17","1","0",2023/06/03,2024/01/29,,,,,,,,,
42,-87.72,"65","1","0",2023/03/21,2024/01/10,,,,,,,,,
42,-87.71,"337","1","0",2023/02/04,2024/01/04,,,,,,,,,
42,-87.65,"105","0","0",2023/04/09,2023/12/12,,,,,,,,,
42.01,-87.84,"1","0","0",2023/11/06,2023/11/06,,,,,,,,,
42.01,-87.8,"1","0","0",2023/11/06,2023/11/06,,,,,,,,,
42.01,-87.79,"2","0","0",2023/06/19,2023/07/08,,,,,,,,,
42.01,-87.77,"52","0","0",2023/05/17,2023/12/23,,,,,,,,,
42.01,-87.76,"10","0","0",2023/05/27,2023/11/07,,,,,,,,,
42.01,-87.72,"3","0","0",2023/07/31,2023/08/04,,,,,,,,,
42.01,-87.71,"352","6","0",2023/02/07,2024/01/30,,,,,,,,,
42.02,-87.78,"1","0","0",2023/08/19,2023/08/19,,,,,,,,,
42.02,-87.72,"1","0","0",2023/08/09,2023/08/09,,,,,,,,,
42.02,-87.71,"220","2","0",2023/02/05,2024/01/26,,,,,,,,,
42.02,-87.7,"134","2","0",2023/02/08,2024/01/06,,,,,,,,,
42.02,-87.69,"285","2","0",2023/02/01,2024/01/30,,,,,,,,,
42.02,-87.68,"856","16","0",2023/02/01,2024/01/31,,,,,,,,,
42.02,-87.66,"178","3","0",2023/02/04,2024/01/29,,,,,,,,,
42.03,-87.71,"159","3","0",2023/02/10,2024/01/27,,,,,,,,,
42.03,-87.7,"210","7","0",2023/02/04,2024/01/27,,,,,,,,,
42.03,-87.69,"235","4","0",2023/02/07,2024/01/27,,,,,,,,,
42.03,-87.68,"587","15","0",2023/02/04,2024/01/27,,,,,,,,,
42.03,-87.67,"234","0","0",2023/02/13,2023/12/28,,,,,,,,,
42.04,-87.8,"1","0","0",2023/07/30,2023/07/30,,,,,,,,,
42.04,-87.71,"43","0","0",2023/02/05,2023/12/07,,,,,,,,,
42.04,-87.7,"242","7","0",2023/02/04,2024/01/27,,,,,,,,,
42.04,-87.69,"132","4","0",2023/02/12,2024/01/30,,,,,,,,,
42.04,-87.68,"1038","19","0",2023/02/02,2024/01/31,,,,,,,,,
42.04,-87.67,"127","0","0",2023/02/06,2023/12/31,,,,,,,,,
42.05,-87.73,"1","0","0",2023/07/27,2023/07/27,,,,,,,,,
42.05,-87.72,"1","0","0",2023/02/14,2023/02/14,,,,,,,,,
42.05,-87.71,"51","1","0",2023/04/24,2024/01/05,,,,,,,,,
42.05,-87.7,"127","2","0",2023/02/10,2024/01/03,,,,,,,,,
42.05,-87.69,"569","19","0",2023/02/07,2024/01/31,,,,,,,,,
42.05,-87.68,"3189","145","1",2023/02/01,2024/01/31,,,,,,,,,
42.05,-87.67,"776","53","0",2023/02/03,2024/01/27,,,,,,,,,
42.06,-87.74,"2","0","0",2023/08/01,2023/08/01,,,,,,,,,
42.06,-87.73,"35","1","0",2023/03/04,2024/01/07,,,,,,,,,
42.06,-87.72,"37","0","0",2023/04/09,2023/11/28,,,,,,,,,
42.06,-87.71,"84","1","0",2023/02/07,2024/01/05,,,,,,,,,
42.06,-87.7,"331","6","0",2023/02/08,2024/01/31,,,,,,,,,
42.06,-87.69,"291","11","0",2023/02/05,2024/01/31,,,,,,,,,
42.06,-87.68,"1533","99","0",2023/02/01,2024/01/31,,,,,,,,,
42.06,-87.67,"1026","41","0",2023/02/01,2024/01/31,,,,,,,,,
42.07,-87.73,"17","0","0",2023/06/17,2023/10/14,,,,,,,,,
42.07,-87.72,"7","0","0",2023/05/18,2023/11/21,,,,,,,,,
42.07,-87.71,"16","0","0",2023/04/09,2023/12/24,,,,,,,,,
42.07,-87.7,"33","0","0",2023/02/18,2023/12/05,,,,,,,,,
42.07,-87.69,"79","1","0",2023/02/06,2024/01/08,,,,,,,,,
42.07,-87.68,"64","0","0",2023/03/31,2023/12/03,,,,,,,,,
